ordering_class,issue_op,issue_sem,observe_op,observe_sem,prod_num_warps,cons_num_warps,prod_waves_per_CU,cons_waves_per_CU,imbalance_ratio,n_workgroups,wgs_per_cu,block_size,buffer_bytes,buffer_class,n_elements,dtype,src_rank,dst_rank,n_repeat,n_warmup,world_size,ms_mean,us_per_call,node,ts
XCHG_ACQREL,xchg,acq_rel,max,acq_rel,1,8,1.0,8.0,0.125,304,1.0,256,2097152,L2,524288,int32,0,1,25,4,8,0.0650266806781292,65.0266806781292,c09u13,1778503410.7998967
XCHG_ACQREL,xchg,acq_rel,max,acq_rel,1,8,1.0,8.0,0.125,304,1.0,256,33554432,HBM,8388608,int32,0,1,25,4,8,0.0644861201941967,64.4861201941967,c09u13,1778503410.8093016
XCHG_ACQREL,xchg,acq_rel,max,acq_rel,1,8,1.0,8.0,0.125,304,1.0,1024,2097152,L2,524288,int32,0,1,25,4,8,0.15106596052646637,151.06596052646637,c09u13,1778503411.1236186
XCHG_ACQREL,xchg,acq_rel,max,acq_rel,1,8,1.0,8.0,0.125,304,1.0,1024,33554432,HBM,8388608,int32,0,1,25,4,8,0.14513884067535401,145.138840675354,c09u13,1778503411.1357143
XCHG_ACQREL,xchg,acq_rel,max,acq_rel,1,8,4.0,32.0,0.125,1216,4.0,256,2097152,L2,524288,int32,0,1,25,4,8,0.1782078391313553,178.20783913135529,c09u13,1778503411.1495504
XCHG_ACQREL,xchg,acq_rel,max,acq_rel,1,8,4.0,32.0,0.125,1216,4.0,256,33554432,HBM,8388608,int32,0,1,25,4,8,0.17753916025161742,177.53916025161743,c09u13,1778503411.1637197
XCHG_ACQREL,xchg,acq_rel,max,acq_rel,1,8,4.0,32.0,0.125,1216,4.0,1024,2097152,L2,524288,int32,0,1,25,4,8,0.4391674387454987,439.16743874549866,c09u13,1778503411.185636
XCHG_ACQREL,xchg,acq_rel,max,acq_rel,1,8,4.0,32.0,0.125,1216,4.0,1024,33554432,HBM,8388608,int32,0,1,25,4,8,0.4664151573181152,466.41515731811523,c09u13,1778503411.2067776
XCHG_ACQREL,xchg,acq_rel,max,acq_rel,2,8,2.0,8.0,0.25,304,1.0,256,2097152,L2,524288,int32,0,1,25,4,8,0.06618119925260543,66.18119925260544,c09u13,1778503411.276466
XCHG_ACQREL,xchg,acq_rel,max,acq_rel,2,8,2.0,8.0,0.25,304,1.0,256,33554432,HBM,8388608,int32,0,1,25,4,8,0.06473800092935562,64.73800092935562,c09u13,1778503411.2857788
XCHG_ACQREL,xchg,acq_rel,max,acq_rel,2,8,2.0,8.0,0.25,304,1.0,1024,2097152,L2,524288,int32,0,1,25,4,8,0.153646160364151,153.646160364151,c09u13,1778503411.4301257
XCHG_ACQREL,xchg,acq_rel,max,acq_rel,2,8,2.0,8.0,0.25,304,1.0,1024,33554432,HBM,8388608,int32,0,1,25,4,8,0.14980391919612884,149.80391919612885,c09u13,1778503411.4430206
XCHG_ACQREL,xchg,acq_rel,max,acq_rel,2,8,8.0,32.0,0.25,1216,4.0,256,2097152,L2,524288,int32,0,1,25,4,8,0.18673440098762512,186.73440098762512,c09u13,1778503411.4562075
XCHG_ACQREL,xchg,acq_rel,max,acq_rel,2,8,8.0,32.0,0.25,1216,4.0,256,33554432,HBM,8388608,int32,0,1,25,4,8,0.18582199811935424,185.82199811935425,c09u13,1778503411.470702
XCHG_ACQREL,xchg,acq_rel,max,acq_rel,2,8,8.0,32.0,0.25,1216,4.0,1024,2097152,L2,524288,int32,0,1,25,4,8,0.4504042387008667,450.4042387008667,c09u13,1778503411.492554
XCHG_ACQREL,xchg,acq_rel,max,acq_rel,2,8,8.0,32.0,0.25,1216,4.0,1024,33554432,HBM,8388608,int32,0,1,25,4,8,0.477842800617218,477.842800617218,c09u13,1778503411.5155263
XCHG_ACQREL,xchg,acq_rel,max,acq_rel,4,8,4.0,8.0,0.5,304,1.0,256,2097152,L2,524288,int32,0,1,25,4,8,0.07031551957130432,70.31551957130432,c09u13,1778503411.5259106
XCHG_ACQREL,xchg,acq_rel,max,acq_rel,4,8,4.0,8.0,0.5,304,1.0,256,33554432,HBM,8388608,int32,0,1,25,4,8,0.06979895949363708,69.79895949363708,c09u13,1778503411.5379333
XCHG_ACQREL,xchg,acq_rel,max,acq_rel,4,8,4.0,8.0,0.5,304,1.0,1024,2097152,L2,524288,int32,0,1,25,4,8,0.15761683881282806,157.61683881282806,c09u13,1778503411.632372
XCHG_ACQREL,xchg,acq_rel,max,acq_rel,4,8,4.0,8.0,0.5,304,1.0,1024,33554432,HBM,8388608,int32,0,1,25,4,8,0.15798564016819,157.98564016819,c09u13,1778503411.6448753
XCHG_ACQREL,xchg,acq_rel,max,acq_rel,4,8,16.0,32.0,0.5,1216,4.0,256,2097152,L2,524288,int32,0,1,25,4,8,0.21704843878746033,217.04843878746033,c09u13,1778503411.6597452
XCHG_ACQREL,xchg,acq_rel,max,acq_rel,4,8,16.0,32.0,0.5,1216,4.0,256,33554432,HBM,8388608,int32,0,1,25,4,8,0.2172312009334564,217.23120093345642,c09u13,1778503411.6747313
XCHG_ACQREL,xchg,acq_rel,max,acq_rel,4,8,16.0,32.0,0.5,1216,4.0,1024,2097152,L2,524288,int32,0,1,25,4,8,0.45556627988815307,455.5662798881531,c09u13,1778503411.697902
XCHG_ACQREL,xchg,acq_rel,max,acq_rel,4,8,16.0,32.0,0.5,1216,4.0,1024,33554432,HBM,8388608,int32,0,1,25,4,8,0.48402139902114866,484.0213990211487,c09u13,1778503411.7213182
XCHG_ACQREL,xchg,acq_rel,max,acq_rel,8,4,8.0,4.0,2.0,304,1.0,256,2097152,L2,524288,int32,0,1,25,4,8,0.07035856008529663,70.35856008529663,c09u13,1778503411.8193119
XCHG_ACQREL,xchg,acq_rel,max,acq_rel,8,4,8.0,4.0,2.0,304,1.0,256,33554432,HBM,8388608,int32,0,1,25,4,8,0.07012603938579559,70.1260393857956,c09u13,1778503411.828276
XCHG_ACQREL,xchg,acq_rel,max,acq_rel,8,4,8.0,4.0,2.0,304,1.0,1024,2097152,L2,524288,int32,0,1,25,4,8,0.15391252040863038,153.91252040863037,c09u13,1778503411.991147
XCHG_ACQREL,xchg,acq_rel,max,acq_rel,8,4,8.0,4.0,2.0,304,1.0,1024,33554432,HBM,8388608,int32,0,1,25,4,8,0.1541722011566162,154.1722011566162,c09u13,1778503412.002656
XCHG_ACQREL,xchg,acq_rel,max,acq_rel,8,4,32.0,16.0,2.0,1216,4.0,256,2097152,L2,524288,int32,0,1,25,4,8,0.21650623977184297,216.50623977184296,c09u13,1778503412.0158017
XCHG_ACQREL,xchg,acq_rel,max,acq_rel,8,4,32.0,16.0,2.0,1216,4.0,256,33554432,HBM,8388608,int32,0,1,25,4,8,0.21662019848823547,216.62019848823547,c09u13,1778503412.030217
XCHG_ACQREL,xchg,acq_rel,max,acq_rel,8,4,32.0,16.0,2.0,1216,4.0,1024,2097152,L2,524288,int32,0,1,25,4,8,0.5059948420524597,505.9948420524597,c09u13,1778503412.0566108
XCHG_ACQREL,xchg,acq_rel,max,acq_rel,8,4,32.0,16.0,2.0,1216,4.0,1024,33554432,HBM,8388608,int32,0,1,25,4,8,0.5203990030288697,520.3990030288696,c09u13,1778503412.0838652
XCHG_ACQREL,xchg,acq_rel,max,acq_rel,8,2,8.0,2.0,4.0,304,1.0,256,2097152,L2,524288,int32,0,1,25,4,8,0.06724927961826324,67.24927961826324,c09u13,1778503412.1532743
XCHG_ACQREL,xchg,acq_rel,max,acq_rel,8,2,8.0,2.0,4.0,304,1.0,256,33554432,HBM,8388608,int32,0,1,25,4,8,0.06660140007734298,66.60140007734299,c09u13,1778503412.16298
XCHG_ACQREL,xchg,acq_rel,max,acq_rel,8,2,8.0,2.0,4.0,304,1.0,1024,2097152,L2,524288,int32,0,1,25,4,8,0.15443839907646179,154.4383990764618,c09u13,1778503412.3205268
XCHG_ACQREL,xchg,acq_rel,max,acq_rel,8,2,8.0,2.0,4.0,304,1.0,1024,33554432,HBM,8388608,int32,0,1,25,4,8,0.1501471209526062,150.1471209526062,c09u13,1778503412.3319104
XCHG_ACQREL,xchg,acq_rel,max,acq_rel,8,2,32.0,8.0,4.0,1216,4.0,256,2097152,L2,524288,int32,0,1,25,4,8,0.19640759944915773,196.40759944915771,c09u13,1778503412.3457234
XCHG_ACQREL,xchg,acq_rel,max,acq_rel,8,2,32.0,8.0,4.0,1216,4.0,256,33554432,HBM,8388608,int32,0,1,25,4,8,0.19536864042282104,195.36864042282104,c09u13,1778503412.3611064
XCHG_ACQREL,xchg,acq_rel,max,acq_rel,8,2,32.0,8.0,4.0,1216,4.0,1024,2097152,L2,524288,int32,0,1,25,4,8,0.48731560111045835,487.3156011104584,c09u13,1778503412.386066
XCHG_ACQREL,xchg,acq_rel,max,acq_rel,8,2,32.0,8.0,4.0,1216,4.0,1024,33554432,HBM,8388608,int32,0,1,25,4,8,0.503592631816864,503.59263181686396,c09u13,1778503412.4087417
XCHG_ACQREL,xchg,acq_rel,max,acq_rel,8,1,8.0,1.0,8.0,304,1.0,256,2097152,L2,524288,int32,0,1,25,4,8,0.06546928077936172,65.46928077936172,c09u13,1778503412.505274
XCHG_ACQREL,xchg,acq_rel,max,acq_rel,8,1,8.0,1.0,8.0,304,1.0,256,33554432,HBM,8388608,int32,0,1,25,4,8,0.06492715999484062,64.92715999484062,c09u13,1778503412.5140219
XCHG_ACQREL,xchg,acq_rel,max,acq_rel,8,1,8.0,1.0,8.0,304,1.0,1024,2097152,L2,524288,int32,0,1,25,4,8,0.15736819922924042,157.36819922924042,c09u13,1778503412.7866223
XCHG_ACQREL,xchg,acq_rel,max,acq_rel,8,1,8.0,1.0,8.0,304,1.0,1024,33554432,HBM,8388608,int32,0,1,25,4,8,0.15108528077602387,151.08528077602386,c09u13,1778503412.7988014
XCHG_ACQREL,xchg,acq_rel,max,acq_rel,8,1,32.0,4.0,8.0,1216,4.0,256,2097152,L2,524288,int32,0,1,25,4,8,0.18436267971992493,184.36267971992493,c09u13,1778503412.8109114
XCHG_ACQREL,xchg,acq_rel,max,acq_rel,8,1,32.0,4.0,8.0,1216,4.0,256,33554432,HBM,8388608,int32,0,1,25,4,8,0.18474264085292816,184.74264085292816,c09u13,1778503412.8232872
XCHG_ACQREL,xchg,acq_rel,max,acq_rel,8,1,32.0,4.0,8.0,1216,4.0,1024,2097152,L2,524288,int32,0,1,25,4,8,0.482121479511261,482.121479511261,c09u13,1778503412.8457153
XCHG_ACQREL,xchg,acq_rel,max,acq_rel,8,1,32.0,4.0,8.0,1216,4.0,1024,33554432,HBM,8388608,int32,0,1,25,4,8,0.4979109227657318,497.9109227657318,c09u13,1778503412.876273
MAX_ACQUIRE,max,acquire,max,acquire,1,8,1.0,8.0,0.125,304,1.0,256,2097152,L2,524288,int32,0,1,25,4,8,0.06805756062269211,68.05756062269211,c09u13,1778503412.9758556
MAX_ACQUIRE,max,acquire,max,acquire,1,8,1.0,8.0,0.125,304,1.0,256,33554432,HBM,8388608,int32,0,1,25,4,8,0.06698291957378387,66.98291957378387,c09u13,1778503412.984767
MAX_ACQUIRE,max,acquire,max,acquire,1,8,1.0,8.0,0.125,304,1.0,1024,2097152,L2,524288,int32,0,1,25,4,8,0.20536723971366883,205.36723971366882,c09u13,1778503413.3197198
MAX_ACQUIRE,max,acquire,max,acquire,1,8,1.0,8.0,0.125,304,1.0,1024,33554432,HBM,8388608,int32,0,1,25,4,8,0.19915468096733094,199.15468096733093,c09u13,1778503413.3330832
MAX_ACQUIRE,max,acquire,max,acquire,1,8,4.0,32.0,0.125,1216,4.0,256,2097152,L2,524288,int32,0,1,25,4,8,0.21164575934410096,211.64575934410095,c09u13,1778503413.3460402
MAX_ACQUIRE,max,acquire,max,acquire,1,8,4.0,32.0,0.125,1216,4.0,256,33554432,HBM,8388608,int32,0,1,25,4,8,0.21239772021770478,212.39772021770477,c09u13,1778503413.3623421
MAX_ACQUIRE,max,acquire,max,acquire,1,8,4.0,32.0,0.125,1216,4.0,1024,2097152,L2,524288,int32,0,1,25,4,8,0.7057751226425171,705.7751226425171,c09u13,1778503413.3952954
MAX_ACQUIRE,max,acquire,max,acquire,1,8,4.0,32.0,0.125,1216,4.0,1024,33554432,HBM,8388608,int32,0,1,25,4,8,0.72640132188797,726.40132188797,c09u13,1778503413.4245539
MAX_ACQUIRE,max,acquire,max,acquire,2,8,2.0,8.0,0.25,304,1.0,256,2097152,L2,524288,int32,0,1,25,4,8,0.06790044009685517,67.90044009685516,c09u13,1778503413.4941423
MAX_ACQUIRE,max,acquire,max,acquire,2,8,2.0,8.0,0.25,304,1.0,256,33554432,HBM,8388608,int32,0,1,25,4,8,0.06889640003442764,68.89640003442764,c09u13,1778503413.5030174
MAX_ACQUIRE,max,acquire,max,acquire,2,8,2.0,8.0,0.25,304,1.0,1024,2097152,L2,524288,int32,0,1,25,4,8,0.20173988103866577,201.73988103866577,c09u13,1778503413.6605077
MAX_ACQUIRE,max,acquire,max,acquire,2,8,2.0,8.0,0.25,304,1.0,1024,33554432,HBM,8388608,int32,0,1,25,4,8,0.1992796802520752,199.2796802520752,c09u13,1778503413.673868
MAX_ACQUIRE,max,acquire,max,acquire,2,8,8.0,32.0,0.25,1216,4.0,256,2097152,L2,524288,int32,0,1,25,4,8,0.22317755997180938,223.1775599718094,c09u13,1778503413.6888993
MAX_ACQUIRE,max,acquire,max,acquire,2,8,8.0,32.0,0.25,1216,4.0,256,33554432,HBM,8388608,int32,0,1,25,4,8,0.22480856120586395,224.80856120586395,c09u13,1778503413.7045498
MAX_ACQUIRE,max,acquire,max,acquire,2,8,8.0,32.0,0.25,1216,4.0,1024,2097152,L2,524288,int32,0,1,25,4,8,0.7222141575813293,722.2141575813293,c09u13,1778503413.7344904
MAX_ACQUIRE,max,acquire,max,acquire,2,8,8.0,32.0,0.25,1216,4.0,1024,33554432,HBM,8388608,int32,0,1,25,4,8,0.7484756445884705,748.4756445884705,c09u13,1778503413.7679474
MAX_ACQUIRE,max,acquire,max,acquire,4,8,4.0,8.0,0.5,304,1.0,256,2097152,L2,524288,int32,0,1,25,4,8,0.07104191958904266,71.04191958904266,c09u13,1778503413.7832937
MAX_ACQUIRE,max,acquire,max,acquire,4,8,4.0,8.0,0.5,304,1.0,256,33554432,HBM,8388608,int32,0,1,25,4,8,0.07136907994747162,71.36907994747162,c09u13,1778503413.7975185
MAX_ACQUIRE,max,acquire,max,acquire,4,8,4.0,8.0,0.5,304,1.0,1024,2097152,L2,524288,int32,0,1,25,4,8,0.20513320088386536,205.13320088386536,c09u13,1778503413.8982563
MAX_ACQUIRE,max,acquire,max,acquire,4,8,4.0,8.0,0.5,304,1.0,1024,33554432,HBM,8388608,int32,0,1,25,4,8,0.2044083994626999,204.4083994626999,c09u13,1778503413.911336
MAX_ACQUIRE,max,acquire,max,acquire,4,8,16.0,32.0,0.5,1216,4.0,256,2097152,L2,524288,int32,0,1,25,4,8,0.23413703858852386,234.13703858852386,c09u13,1778503413.9249942
MAX_ACQUIRE,max,acquire,max,acquire,4,8,16.0,32.0,0.5,1216,4.0,256,33554432,HBM,8388608,int32,0,1,25,4,8,0.2345394390821457,234.5394390821457,c09u13,1778503413.9401262
MAX_ACQUIRE,max,acquire,max,acquire,4,8,16.0,32.0,0.5,1216,4.0,1024,2097152,L2,524288,int32,0,1,25,4,8,0.759688446521759,759.688446521759,c09u13,1778503413.9729495
MAX_ACQUIRE,max,acquire,max,acquire,4,8,16.0,32.0,0.5,1216,4.0,1024,33554432,HBM,8388608,int32,0,1,25,4,8,0.7897458791732788,789.7458791732788,c09u13,1778503414.0073972
MAX_ACQUIRE,max,acquire,max,acquire,8,4,8.0,4.0,2.0,304,1.0,256,2097152,L2,524288,int32,0,1,25,4,8,0.07116536051034927,71.16536051034927,c09u13,1778503414.1151762
MAX_ACQUIRE,max,acquire,max,acquire,8,4,8.0,4.0,2.0,304,1.0,256,33554432,HBM,8388608,int32,0,1,25,4,8,0.07143000066280365,71.43000066280365,c09u13,1778503414.1241784
MAX_ACQUIRE,max,acquire,max,acquire,8,4,8.0,4.0,2.0,304,1.0,1024,2097152,L2,524288,int32,0,1,25,4,8,0.20482199966907502,204.821999669075,c09u13,1778503414.2879107
MAX_ACQUIRE,max,acquire,max,acquire,8,4,8.0,4.0,2.0,304,1.0,1024,33554432,HBM,8388608,int32,0,1,25,4,8,0.20401063919067383,204.01063919067383,c09u13,1778503414.3019576
MAX_ACQUIRE,max,acquire,max,acquire,8,4,32.0,16.0,2.0,1216,4.0,256,2097152,L2,524288,int32,0,1,25,4,8,0.23218524038791657,232.18524038791656,c09u13,1778503414.315572
MAX_ACQUIRE,max,acquire,max,acquire,8,4,32.0,16.0,2.0,1216,4.0,256,33554432,HBM,8388608,int32,0,1,25,4,8,0.23098395884037018,230.98395884037018,c09u13,1778503414.329416
MAX_ACQUIRE,max,acquire,max,acquire,8,4,32.0,16.0,2.0,1216,4.0,1024,2097152,L2,524288,int32,0,1,25,4,8,0.7584616422653199,758.4616422653198,c09u13,1778503414.3596504
MAX_ACQUIRE,max,acquire,max,acquire,8,4,32.0,16.0,2.0,1216,4.0,1024,33554432,HBM,8388608,int32,0,1,25,4,8,0.7920726466178895,792.0726466178894,c09u13,1778503414.3973038
MAX_ACQUIRE,max,acquire,max,acquire,8,2,8.0,2.0,4.0,304,1.0,256,2097152,L2,524288,int32,0,1,25,4,8,0.06905340045690536,69.05340045690536,c09u13,1778503414.468666
MAX_ACQUIRE,max,acquire,max,acquire,8,2,8.0,2.0,4.0,304,1.0,256,33554432,HBM,8388608,int32,0,1,25,4,8,0.0685434404015541,68.54344040155411,c09u13,1778503414.479021
MAX_ACQUIRE,max,acquire,max,acquire,8,2,8.0,2.0,4.0,304,1.0,1024,2097152,L2,524288,int32,0,1,25,4,8,0.20360320150852204,203.60320150852203,c09u13,1778503414.6367238
MAX_ACQUIRE,max,acquire,max,acquire,8,2,8.0,2.0,4.0,304,1.0,1024,33554432,HBM,8388608,int32,0,1,25,4,8,0.1990857607126236,199.0857607126236,c09u13,1778503414.64968
MAX_ACQUIRE,max,acquire,max,acquire,8,2,32.0,8.0,4.0,1216,4.0,256,2097152,L2,524288,int32,0,1,25,4,8,0.2323938399553299,232.3938399553299,c09u13,1778503414.6633136
MAX_ACQUIRE,max,acquire,max,acquire,8,2,32.0,8.0,4.0,1216,4.0,256,33554432,HBM,8388608,int32,0,1,25,4,8,0.23125036001205446,231.25036001205444,c09u13,1778503414.6810186
MAX_ACQUIRE,max,acquire,max,acquire,8,2,32.0,8.0,4.0,1216,4.0,1024,2097152,L2,524288,int32,0,1,25,4,8,0.72241140127182,722.4114012718201,c09u13,1778503414.713563
MAX_ACQUIRE,max,acquire,max,acquire,8,2,32.0,8.0,4.0,1216,4.0,1024,33554432,HBM,8388608,int32,0,1,25,4,8,0.7605078792572022,760.5078792572021,c09u13,1778503414.744484
MAX_ACQUIRE,max,acquire,max,acquire,8,1,8.0,1.0,8.0,304,1.0,256,2097152,L2,524288,int32,0,1,25,4,8,0.06777047991752624,67.77047991752625,c09u13,1778503414.8410625
MAX_ACQUIRE,max,acquire,max,acquire,8,1,8.0,1.0,8.0,304,1.0,256,33554432,HBM,8388608,int32,0,1,25,4,8,0.0678507600724697,67.85076007246971,c09u13,1778503414.8502932
MAX_ACQUIRE,max,acquire,max,acquire,8,1,8.0,1.0,8.0,304,1.0,1024,2097152,L2,524288,int32,0,1,25,4,8,0.20672555923461913,206.72555923461914,c09u13,1778503415.1255503
MAX_ACQUIRE,max,acquire,max,acquire,8,1,8.0,1.0,8.0,304,1.0,1024,33554432,HBM,8388608,int32,0,1,25,4,8,0.19808676064014435,198.08676064014435,c09u13,1778503415.1383932
MAX_ACQUIRE,max,acquire,max,acquire,8,1,32.0,4.0,8.0,1216,4.0,256,2097152,L2,524288,int32,0,1,25,4,8,0.21875288009643554,218.75288009643555,c09u13,1778503415.152092
MAX_ACQUIRE,max,acquire,max,acquire,8,1,32.0,4.0,8.0,1216,4.0,256,33554432,HBM,8388608,int32,0,1,25,4,8,0.21816771864891052,218.16771864891052,c09u13,1778503415.1655176
MAX_ACQUIRE,max,acquire,max,acquire,8,1,32.0,4.0,8.0,1216,4.0,1024,2097152,L2,524288,int32,0,1,25,4,8,0.7051144003868103,705.1144003868103,c09u13,1778503415.1994305
MAX_ACQUIRE,max,acquire,max,acquire,8,1,32.0,4.0,8.0,1216,4.0,1024,33554432,HBM,8388608,int32,0,1,25,4,8,0.7313951206207275,731.3951206207275,c09u13,1778503415.2304292
CAS_ACQREL,cas,acq_rel,max,acq_rel,1,8,1.0,8.0,0.125,304,1.0,256,2097152,L2,524288,int32,0,1,25,4,8,,,c09u13,1778503415.2519298
CAS_ACQREL,cas,acq_rel,max,acq_rel,1,8,1.0,8.0,0.125,304,1.0,256,33554432,HBM,8388608,int32,0,1,25,4,8,,,c09u13,1778503415.2695477
CAS_ACQREL,cas,acq_rel,max,acq_rel,1,8,1.0,8.0,0.125,304,1.0,1024,2097152,L2,524288,int32,0,1,25,4,8,,,c09u13,1778503415.298521
CAS_ACQREL,cas,acq_rel,max,acq_rel,1,8,1.0,8.0,0.125,304,1.0,1024,33554432,HBM,8388608,int32,0,1,25,4,8,,,c09u13,1778503415.3271513
CAS_ACQREL,cas,acq_rel,max,acq_rel,1,8,4.0,32.0,0.125,1216,4.0,256,2097152,L2,524288,int32,0,1,25,4,8,,,c09u13,1778503415.352044
CAS_ACQREL,cas,acq_rel,max,acq_rel,1,8,4.0,32.0,0.125,1216,4.0,256,33554432,HBM,8388608,int32,0,1,25,4,8,,,c09u13,1778503415.3707108
CAS_ACQREL,cas,acq_rel,max,acq_rel,1,8,4.0,32.0,0.125,1216,4.0,1024,2097152,L2,524288,int32,0,1,25,4,8,,,c09u13,1778503415.4016197
CAS_ACQREL,cas,acq_rel,max,acq_rel,1,8,4.0,32.0,0.125,1216,4.0,1024,33554432,HBM,8388608,int32,0,1,25,4,8,,,c09u13,1778503415.4334037
CAS_ACQREL,cas,acq_rel,max,acq_rel,2,8,2.0,8.0,0.25,304,1.0,256,2097152,L2,524288,int32,0,1,25,4,8,,,c09u13,1778503415.4512725
CAS_ACQREL,cas,acq_rel,max,acq_rel,2,8,2.0,8.0,0.25,304,1.0,256,33554432,HBM,8388608,int32,0,1,25,4,8,,,c09u13,1778503415.470821
CAS_ACQREL,cas,acq_rel,max,acq_rel,2,8,2.0,8.0,0.25,304,1.0,1024,2097152,L2,524288,int32,0,1,25,4,8,,,c09u13,1778503415.4998078
CAS_ACQREL,cas,acq_rel,max,acq_rel,2,8,2.0,8.0,0.25,304,1.0,1024,33554432,HBM,8388608,int32,0,1,25,4,8,,,c09u13,1778503415.5287597
CAS_ACQREL,cas,acq_rel,max,acq_rel,2,8,8.0,32.0,0.25,1216,4.0,256,2097152,L2,524288,int32,0,1,25,4,8,,,c09u13,1778503415.546586
CAS_ACQREL,cas,acq_rel,max,acq_rel,2,8,8.0,32.0,0.25,1216,4.0,256,33554432,HBM,8388608,int32,0,1,25,4,8,,,c09u13,1778503415.5641441
CAS_ACQREL,cas,acq_rel,max,acq_rel,2,8,8.0,32.0,0.25,1216,4.0,1024,2097152,L2,524288,int32,0,1,25,4,8,,,c09u13,1778503415.593094
CAS_ACQREL,cas,acq_rel,max,acq_rel,2,8,8.0,32.0,0.25,1216,4.0,1024,33554432,HBM,8388608,int32,0,1,25,4,8,,,c09u13,1778503415.6217597
CAS_ACQREL,cas,acq_rel,max,acq_rel,4,8,4.0,8.0,0.5,304,1.0,256,2097152,L2,524288,int32,0,1,25,4,8,0.078021000623703,78.021000623703,c09u13,1778503415.6324558
CAS_ACQREL,cas,acq_rel,max,acq_rel,4,8,4.0,8.0,0.5,304,1.0,256,33554432,HBM,8388608,int32,0,1,25,4,8,0.07792168021202088,77.92168021202087,c09u13,1778503415.6415792
CAS_ACQREL,cas,acq_rel,max,acq_rel,4,8,4.0,8.0,0.5,304,1.0,1024,2097152,L2,524288,int32,0,1,25,4,8,0.1997913211584091,199.79132115840912,c09u13,1778503415.7070272
CAS_ACQREL,cas,acq_rel,max,acq_rel,4,8,4.0,8.0,0.5,304,1.0,1024,33554432,HBM,8388608,int32,0,1,25,4,8,0.2001586800813675,200.1586800813675,c09u13,1778503415.7218506
CAS_ACQREL,cas,acq_rel,max,acq_rel,4,8,16.0,32.0,0.5,1216,4.0,256,2097152,L2,524288,int32,0,1,25,4,8,0.23993559956550597,239.93559956550598,c09u13,1778503415.7356904
CAS_ACQREL,cas,acq_rel,max,acq_rel,4,8,16.0,32.0,0.5,1216,4.0,256,33554432,HBM,8388608,int32,0,1,25,4,8,0.24057240068912505,240.57240068912506,c09u13,1778503415.7510486
CAS_ACQREL,cas,acq_rel,max,acq_rel,4,8,16.0,32.0,0.5,1216,4.0,1024,2097152,L2,524288,int32,0,1,25,4,8,0.6667469573020935,666.7469573020935,c09u13,1778503415.7813897
CAS_ACQREL,cas,acq_rel,max,acq_rel,4,8,16.0,32.0,0.5,1216,4.0,1024,33554432,HBM,8388608,int32,0,1,25,4,8,0.6935953235626221,693.5953235626221,c09u13,1778503415.8155513
CAS_ACQREL,cas,acq_rel,max,acq_rel,8,4,8.0,4.0,2.0,304,1.0,256,2097152,L2,524288,int32,0,1,25,4,8,0.10180176049470901,101.80176049470901,c09u13,1778503415.8563085
CAS_ACQREL,cas,acq_rel,max,acq_rel,8,4,8.0,4.0,2.0,304,1.0,256,33554432,HBM,8388608,int32,0,1,25,4,8,0.100731959939003,100.73195993900299,c09u13,1778503415.8661788
CAS_ACQREL,cas,acq_rel,max,acq_rel,8,4,8.0,4.0,2.0,304,1.0,1024,2097152,L2,524288,int32,0,1,25,4,8,0.2720280396938324,272.0280396938324,c09u13,1778503415.9278274
CAS_ACQREL,cas,acq_rel,max,acq_rel,8,4,8.0,4.0,2.0,304,1.0,1024,33554432,HBM,8388608,int32,0,1,25,4,8,0.27156615495681763,271.5661549568176,c09u13,1778503415.942947
CAS_ACQREL,cas,acq_rel,max,acq_rel,8,4,32.0,16.0,2.0,1216,4.0,256,2097152,L2,524288,int32,0,1,25,4,8,0.31922356128692625,319.22356128692627,c09u13,1778503415.9605455
CAS_ACQREL,cas,acq_rel,max,acq_rel,8,4,32.0,16.0,2.0,1216,4.0,256,33554432,HBM,8388608,int32,0,1,25,4,8,0.3183833587169647,318.3833587169647,c09u13,1778503415.9770916
CAS_ACQREL,cas,acq_rel,max,acq_rel,8,4,32.0,16.0,2.0,1216,4.0,1024,2097152,L2,524288,int32,0,1,25,4,8,1.0015661215782166,1001.5661215782166,c09u13,1778503416.018079
CAS_ACQREL,cas,acq_rel,max,acq_rel,8,4,32.0,16.0,2.0,1216,4.0,1024,33554432,HBM,8388608,int32,0,1,25,4,8,1.0154538822174073,1015.4538822174073,c09u13,1778503416.0563302
CAS_ACQREL,cas,acq_rel,max,acq_rel,8,2,8.0,2.0,4.0,304,1.0,256,2097152,L2,524288,int32,0,1,25,4,8,0.09749571919441223,97.49571919441223,c09u13,1778503416.065794
CAS_ACQREL,cas,acq_rel,max,acq_rel,8,2,8.0,2.0,4.0,304,1.0,256,33554432,HBM,8388608,int32,0,1,25,4,8,0.09824147939682007,98.24147939682007,c09u13,1778503416.0755415
CAS_ACQREL,cas,acq_rel,max,acq_rel,8,2,8.0,2.0,4.0,304,1.0,1024,2097152,L2,524288,int32,0,1,25,4,8,0.2674287211894989,267.4287211894989,c09u13,1778503416.0948963
CAS_ACQREL,cas,acq_rel,max,acq_rel,8,2,8.0,2.0,4.0,304,1.0,1024,33554432,HBM,8388608,int32,0,1,25,4,8,0.2673518419265747,267.3518419265747,c09u13,1778503416.113255
CAS_ACQREL,cas,acq_rel,max,acq_rel,8,2,32.0,8.0,4.0,1216,4.0,256,2097152,L2,524288,int32,0,1,25,4,8,0.2983425581455231,298.34255814552307,c09u13,1778503416.1320481
CAS_ACQREL,cas,acq_rel,max,acq_rel,8,2,32.0,8.0,4.0,1216,4.0,256,33554432,HBM,8388608,int32,0,1,25,4,8,0.2984499192237854,298.4499192237854,c09u13,1778503416.147953
CAS_ACQREL,cas,acq_rel,max,acq_rel,8,2,32.0,8.0,4.0,1216,4.0,1024,2097152,L2,524288,int32,0,1,25,4,8,0.9815991640090942,981.5991640090942,c09u13,1778503416.1866336
CAS_ACQREL,cas,acq_rel,max,acq_rel,8,2,32.0,8.0,4.0,1216,4.0,1024,33554432,HBM,8388608,int32,0,1,25,4,8,0.9983443593978882,998.3443593978882,c09u13,1778503416.225219
CAS_ACQREL,cas,acq_rel,max,acq_rel,8,1,8.0,1.0,8.0,304,1.0,256,2097152,L2,524288,int32,0,1,25,4,8,0.09595636010169983,95.95636010169983,c09u13,1778503416.2346783
CAS_ACQREL,cas,acq_rel,max,acq_rel,8,1,8.0,1.0,8.0,304,1.0,256,33554432,HBM,8388608,int32,0,1,25,4,8,0.09582163959741592,95.82163959741592,c09u13,1778503416.2443688
CAS_ACQREL,cas,acq_rel,max,acq_rel,8,1,8.0,1.0,8.0,304,1.0,1024,2097152,L2,524288,int32,0,1,25,4,8,0.2684937572479248,268.4937572479248,c09u13,1778503416.2606733
CAS_ACQREL,cas,acq_rel,max,acq_rel,8,1,8.0,1.0,8.0,304,1.0,1024,33554432,HBM,8388608,int32,0,1,25,4,8,0.26731799960136415,267.31799960136414,c09u13,1778503416.2756402
CAS_ACQREL,cas,acq_rel,max,acq_rel,8,1,32.0,4.0,8.0,1216,4.0,256,2097152,L2,524288,int32,0,1,25,4,8,0.28710244059562684,287.10244059562683,c09u13,1778503416.2971709
CAS_ACQREL,cas,acq_rel,max,acq_rel,8,1,32.0,4.0,8.0,1216,4.0,256,33554432,HBM,8388608,int32,0,1,25,4,8,0.2877182388305664,287.7182388305664,c09u13,1778503416.3173149
CAS_ACQREL,cas,acq_rel,max,acq_rel,8,1,32.0,4.0,8.0,1216,4.0,1024,2097152,L2,524288,int32,0,1,25,4,8,0.977654001712799,977.6540017127991,c09u13,1778503416.3570347
CAS_ACQREL,cas,acq_rel,max,acq_rel,8,1,32.0,4.0,8.0,1216,4.0,1024,33554432,HBM,8388608,int32,0,1,25,4,8,0.9926177096366883,992.6177096366882,c09u13,1778503416.397324
FADD_RELEASE,fadd,release,max,acquire,1,8,1.0,8.0,0.125,304,1.0,256,2097152,L2,524288,int32,0,1,25,4,8,0.06172156006097793,61.721560060977936,c09u13,1778503416.4969103
FADD_RELEASE,fadd,release,max,acquire,1,8,1.0,8.0,0.125,304,1.0,256,33554432,HBM,8388608,int32,0,1,25,4,8,0.06092760011553764,60.92760011553764,c09u13,1778503416.5055206
FADD_RELEASE,fadd,release,max,acquire,1,8,1.0,8.0,0.125,304,1.0,1024,2097152,L2,524288,int32,0,1,25,4,8,0.1677630788087845,167.76307880878448,c09u13,1778503416.7720964
FADD_RELEASE,fadd,release,max,acquire,1,8,1.0,8.0,0.125,304,1.0,1024,33554432,HBM,8388608,int32,0,1,25,4,8,0.162392560839653,162.39256083965302,c09u13,1778503416.7839131
FADD_RELEASE,fadd,release,max,acquire,1,8,4.0,32.0,0.125,1216,4.0,256,2097152,L2,524288,int32,0,1,25,4,8,0.17279863953590394,172.79863953590393,c09u13,1778503416.7985377
FADD_RELEASE,fadd,release,max,acquire,1,8,4.0,32.0,0.125,1216,4.0,256,33554432,HBM,8388608,int32,0,1,25,4,8,0.17230324029922486,172.30324029922485,c09u13,1778503416.8117585
FADD_RELEASE,fadd,release,max,acquire,1,8,4.0,32.0,0.125,1216,4.0,1024,2097152,L2,524288,int32,0,1,25,4,8,0.5577257227897644,557.7257227897644,c09u13,1778503416.8384707
FADD_RELEASE,fadd,release,max,acquire,1,8,4.0,32.0,0.125,1216,4.0,1024,33554432,HBM,8388608,int32,0,1,25,4,8,0.5807463169097901,580.74631690979,c09u13,1778503416.8648245
FADD_RELEASE,fadd,release,max,acquire,2,8,2.0,8.0,0.25,304,1.0,256,2097152,L2,524288,int32,0,1,25,4,8,0.061870520263910295,61.870520263910294,c09u13,1778503416.9328866
FADD_RELEASE,fadd,release,max,acquire,2,8,2.0,8.0,0.25,304,1.0,256,33554432,HBM,8388608,int32,0,1,25,4,8,0.061774479746818545,61.77447974681854,c09u13,1778503416.9415398
FADD_RELEASE,fadd,release,max,acquire,2,8,2.0,8.0,0.25,304,1.0,1024,2097152,L2,524288,int32,0,1,25,4,8,0.1690366792678833,169.0366792678833,c09u13,1778503417.092405
FADD_RELEASE,fadd,release,max,acquire,2,8,2.0,8.0,0.25,304,1.0,1024,33554432,HBM,8388608,int32,0,1,25,4,8,0.16393364012241363,163.93364012241364,c09u13,1778503417.104915
FADD_RELEASE,fadd,release,max,acquire,2,8,8.0,32.0,0.25,1216,4.0,256,2097152,L2,524288,int32,0,1,25,4,8,0.1776207995414734,177.6207995414734,c09u13,1778503417.1176188
FADD_RELEASE,fadd,release,max,acquire,2,8,8.0,32.0,0.25,1216,4.0,256,33554432,HBM,8388608,int32,0,1,25,4,8,0.1784900802373886,178.4900802373886,c09u13,1778503417.1331832
FADD_RELEASE,fadd,release,max,acquire,2,8,8.0,32.0,0.25,1216,4.0,1024,2097152,L2,524288,int32,0,1,25,4,8,0.5617284393310547,561.7284393310547,c09u13,1778503417.1570432
FADD_RELEASE,fadd,release,max,acquire,2,8,8.0,32.0,0.25,1216,4.0,1024,33554432,HBM,8388608,int32,0,1,25,4,8,0.5870725202560425,587.0725202560425,c09u13,1778503417.182767
FADD_RELEASE,fadd,release,max,acquire,4,8,4.0,8.0,0.5,304,1.0,256,2097152,L2,524288,int32,0,1,25,4,8,0.06272692069411277,62.72692069411277,c09u13,1778503417.1928835
FADD_RELEASE,fadd,release,max,acquire,4,8,4.0,8.0,0.5,304,1.0,256,33554432,HBM,8388608,int32,0,1,25,4,8,0.06312799990177155,63.12799990177155,c09u13,1778503417.2069314
FADD_RELEASE,fadd,release,max,acquire,4,8,4.0,8.0,0.5,304,1.0,1024,2097152,L2,524288,int32,0,1,25,4,8,0.1664994788169861,166.49947881698608,c09u13,1778503417.305095
FADD_RELEASE,fadd,release,max,acquire,4,8,4.0,8.0,0.5,304,1.0,1024,33554432,HBM,8388608,int32,0,1,25,4,8,0.16665504097938538,166.65504097938538,c09u13,1778503417.3174143
FADD_RELEASE,fadd,release,max,acquire,4,8,16.0,32.0,0.5,1216,4.0,256,2097152,L2,524288,int32,0,1,25,4,8,0.1691374397277832,169.1374397277832,c09u13,1778503417.3316796
FADD_RELEASE,fadd,release,max,acquire,4,8,16.0,32.0,0.5,1216,4.0,256,33554432,HBM,8388608,int32,0,1,25,4,8,0.16873979866504668,168.7397986650467,c09u13,1778503417.3435502
FADD_RELEASE,fadd,release,max,acquire,4,8,16.0,32.0,0.5,1216,4.0,1024,2097152,L2,524288,int32,0,1,25,4,8,0.5621324348449707,562.1324348449707,c09u13,1778503417.367439
FADD_RELEASE,fadd,release,max,acquire,4,8,16.0,32.0,0.5,1216,4.0,1024,33554432,HBM,8388608,int32,0,1,25,4,8,0.5874029588699341,587.4029588699341,c09u13,1778503417.3937287
FADD_RELEASE,fadd,release,max,acquire,8,4,8.0,4.0,2.0,304,1.0,256,2097152,L2,524288,int32,0,1,25,4,8,0.0625441999733448,62.5441999733448,c09u13,1778503417.447516
FADD_RELEASE,fadd,release,max,acquire,8,4,8.0,4.0,2.0,304,1.0,256,33554432,HBM,8388608,int32,0,1,25,4,8,0.06209515988826752,62.09515988826752,c09u13,1778503417.456116
FADD_RELEASE,fadd,release,max,acquire,8,4,8.0,4.0,2.0,304,1.0,1024,2097152,L2,524288,int32,0,1,25,4,8,0.15566687941551208,155.66687941551208,c09u13,1778503417.5288694
FADD_RELEASE,fadd,release,max,acquire,8,4,8.0,4.0,2.0,304,1.0,1024,33554432,HBM,8388608,int32,0,1,25,4,8,0.15500784039497376,155.00784039497375,c09u13,1778503417.542724
FADD_RELEASE,fadd,release,max,acquire,8,4,32.0,16.0,2.0,1216,4.0,256,2097152,L2,524288,int32,0,1,25,4,8,0.16842568099498748,168.4256809949875,c09u13,1778503417.5543725
FADD_RELEASE,fadd,release,max,acquire,8,4,32.0,16.0,2.0,1216,4.0,256,33554432,HBM,8388608,int32,0,1,25,4,8,0.16737663984298706,167.37663984298706,c09u13,1778503417.5665677
FADD_RELEASE,fadd,release,max,acquire,8,4,32.0,16.0,2.0,1216,4.0,1024,2097152,L2,524288,int32,0,1,25,4,8,0.5580704832077026,558.0704832077026,c09u13,1778503417.5916793
FADD_RELEASE,fadd,release,max,acquire,8,4,32.0,16.0,2.0,1216,4.0,1024,33554432,HBM,8388608,int32,0,1,25,4,8,0.5628381562232971,562.8381562232971,c09u13,1778503417.620656
FADD_RELEASE,fadd,release,max,acquire,8,2,8.0,2.0,4.0,304,1.0,256,2097152,L2,524288,int32,0,1,25,4,8,0.06003743976354599,60.03743976354599,c09u13,1778503417.6353328
FADD_RELEASE,fadd,release,max,acquire,8,2,8.0,2.0,4.0,304,1.0,256,33554432,HBM,8388608,int32,0,1,25,4,8,0.06046251967549324,60.46251967549324,c09u13,1778503417.6439033
FADD_RELEASE,fadd,release,max,acquire,8,2,8.0,2.0,4.0,304,1.0,1024,2097152,L2,524288,int32,0,1,25,4,8,0.1515518009662628,151.55180096626282,c09u13,1778503417.6549993
FADD_RELEASE,fadd,release,max,acquire,8,2,8.0,2.0,4.0,304,1.0,1024,33554432,HBM,8388608,int32,0,1,25,4,8,0.14981828033924102,149.81828033924103,c09u13,1778503417.6662998
FADD_RELEASE,fadd,release,max,acquire,8,2,32.0,8.0,4.0,1216,4.0,256,2097152,L2,524288,int32,0,1,25,4,8,0.1670223605632782,167.0223605632782,c09u13,1778503417.6801605
FADD_RELEASE,fadd,release,max,acquire,8,2,32.0,8.0,4.0,1216,4.0,256,33554432,HBM,8388608,int32,0,1,25,4,8,0.16733500003814697,167.33500003814697,c09u13,1778503417.692005
FADD_RELEASE,fadd,release,max,acquire,8,2,32.0,8.0,4.0,1216,4.0,1024,2097152,L2,524288,int32,0,1,25,4,8,0.5184105563163758,518.4105563163757,c09u13,1778503417.7187655
FADD_RELEASE,fadd,release,max,acquire,8,2,32.0,8.0,4.0,1216,4.0,1024,33554432,HBM,8388608,int32,0,1,25,4,8,0.5329988408088684,532.9988408088684,c09u13,1778503417.7496207
FADD_RELEASE,fadd,release,max,acquire,8,1,8.0,1.0,8.0,304,1.0,256,2097152,L2,524288,int32,0,1,25,4,8,0.05936732038855553,59.36732038855553,c09u13,1778503417.7648625
FADD_RELEASE,fadd,release,max,acquire,8,1,8.0,1.0,8.0,304,1.0,256,33554432,HBM,8388608,int32,0,1,25,4,8,0.0587338000535965,58.7338000535965,c09u13,1778503417.7734125
FADD_RELEASE,fadd,release,max,acquire,8,1,8.0,1.0,8.0,304,1.0,1024,2097152,L2,524288,int32,0,1,25,4,8,0.15171720027923585,151.71720027923584,c09u13,1778503417.786557
FADD_RELEASE,fadd,release,max,acquire,8,1,8.0,1.0,8.0,304,1.0,1024,33554432,HBM,8388608,int32,0,1,25,4,8,0.1489764004945755,148.9764004945755,c09u13,1778503417.797934
FADD_RELEASE,fadd,release,max,acquire,8,1,32.0,4.0,8.0,1216,4.0,256,2097152,L2,524288,int32,0,1,25,4,8,0.1548504787683487,154.8504787683487,c09u13,1778503417.8146424
FADD_RELEASE,fadd,release,max,acquire,8,1,32.0,4.0,8.0,1216,4.0,256,33554432,HBM,8388608,int32,0,1,25,4,8,0.1538819593191147,153.88195931911469,c09u13,1778503417.8285503
FADD_RELEASE,fadd,release,max,acquire,8,1,32.0,4.0,8.0,1216,4.0,1024,2097152,L2,524288,int32,0,1,25,4,8,0.5047939157485962,504.79391574859625,c09u13,1778503417.856473
FADD_RELEASE,fadd,release,max,acquire,8,1,32.0,4.0,8.0,1216,4.0,1024,33554432,HBM,8388608,int32,0,1,25,4,8,0.5055012011528015,505.5012011528015,c09u13,1778503417.8801305
