corpus_version,prim,K,N_PROD,N_OPS,rep,us,gpu_arch,node,ts_utc,timer
v45,M3,4,4,32,0,66.4300,gfx942,b21u01,2026-05-11T07:06:02.991375+00:00,cuda_event
v45,M3,4,4,32,1,43.9800,gfx942,b21u01,2026-05-11T07:06:02.991375+00:00,cuda_event
v45,M3,4,4,32,2,43.6600,gfx942,b21u01,2026-05-11T07:06:02.991375+00:00,cuda_event
v45,M3,4,4,32,3,43.5390,gfx942,b21u01,2026-05-11T07:06:02.991375+00:00,cuda_event
v45,M3,4,4,32,4,44.6610,gfx942,b21u01,2026-05-11T07:06:02.991375+00:00,cuda_event
v45,M3,4,4,32,5,44.5010,gfx942,b21u01,2026-05-11T07:06:02.991375+00:00,cuda_event
v45,M3,4,4,32,6,43.8600,gfx942,b21u01,2026-05-11T07:06:02.991375+00:00,cuda_event
v45,M3,4,4,32,7,46.7060,gfx942,b21u01,2026-05-11T07:06:02.991375+00:00,cuda_event
v45,M3,4,4,32,8,46.1050,gfx942,b21u01,2026-05-11T07:06:02.991375+00:00,cuda_event
v45,M3,4,4,32,9,44.5810,gfx942,b21u01,2026-05-11T07:06:02.991375+00:00,cuda_event
v45,M3,4,4,32,10,44.3410,gfx942,b21u01,2026-05-11T07:06:02.991375+00:00,cuda_event
v45,M3,4,4,32,11,44.6620,gfx942,b21u01,2026-05-11T07:06:02.991375+00:00,cuda_event
v45,M3,4,4,32,12,45.1030,gfx942,b21u01,2026-05-11T07:06:02.991375+00:00,cuda_event
v45,M3,4,4,32,13,41.4940,gfx942,b21u01,2026-05-11T07:06:02.991375+00:00,cuda_event
v45,M3,4,4,32,14,44.3810,gfx942,b21u01,2026-05-11T07:06:02.991375+00:00,cuda_event
v45,M3,4,4,32,15,42.5370,gfx942,b21u01,2026-05-11T07:06:02.991375+00:00,cuda_event
v45,M3,4,4,32,16,43.6580,gfx942,b21u01,2026-05-11T07:06:02.991375+00:00,cuda_event
v45,M3,4,4,32,17,41.1330,gfx942,b21u01,2026-05-11T07:06:02.991375+00:00,cuda_event
v45,M3,4,4,32,18,44.1400,gfx942,b21u01,2026-05-11T07:06:02.991375+00:00,cuda_event
v45,M3,4,4,32,19,43.9400,gfx942,b21u01,2026-05-11T07:06:02.991375+00:00,cuda_event
v45,M3,4,4,32,20,42.4560,gfx942,b21u01,2026-05-11T07:06:02.991375+00:00,cuda_event
v45,M3,4,4,32,21,42.9770,gfx942,b21u01,2026-05-11T07:06:02.991375+00:00,cuda_event
v45,M3,4,4,32,22,43.4990,gfx942,b21u01,2026-05-11T07:06:02.991375+00:00,cuda_event
v45,M3,4,4,32,23,43.3380,gfx942,b21u01,2026-05-11T07:06:02.991375+00:00,cuda_event
v45,M3,4,4,32,24,43.7790,gfx942,b21u01,2026-05-11T07:06:02.991375+00:00,cuda_event
v45,M3,4,4,32,25,43.2590,gfx942,b21u01,2026-05-11T07:06:02.991375+00:00,cuda_event
v45,M3,4,4,32,26,43.4190,gfx942,b21u01,2026-05-11T07:06:02.991375+00:00,cuda_event
v45,M3,4,4,32,27,43.0570,gfx942,b21u01,2026-05-11T07:06:02.991375+00:00,cuda_event
v45,M3,4,4,32,28,45.9050,gfx942,b21u01,2026-05-11T07:06:02.991375+00:00,cuda_event
v45,M3,4,4,32,29,42.3360,gfx942,b21u01,2026-05-11T07:06:02.991375+00:00,cuda_event
v45,M3,4,4,32,30,46.1450,gfx942,b21u01,2026-05-11T07:06:02.991375+00:00,cuda_event
v45,M3,4,4,32,31,41.6940,gfx942,b21u01,2026-05-11T07:06:02.991375+00:00,cuda_event
v45,M3,4,4,32,32,46.1450,gfx942,b21u01,2026-05-11T07:06:02.991375+00:00,cuda_event
v45,M3,4,4,32,33,44.6620,gfx942,b21u01,2026-05-11T07:06:02.991375+00:00,cuda_event
v45,M3,4,4,32,34,45.0220,gfx942,b21u01,2026-05-11T07:06:02.991375+00:00,cuda_event
v45,M3,4,4,32,35,41.8150,gfx942,b21u01,2026-05-11T07:06:02.991375+00:00,cuda_event
v45,M3,4,4,32,36,44.7810,gfx942,b21u01,2026-05-11T07:06:02.991375+00:00,cuda_event
v45,M3,4,4,32,37,43.6990,gfx942,b21u01,2026-05-11T07:06:02.991375+00:00,cuda_event
v45,M3,4,4,32,38,43.4990,gfx942,b21u01,2026-05-11T07:06:02.991375+00:00,cuda_event
v45,M3,4,4,32,39,43.8600,gfx942,b21u01,2026-05-11T07:06:02.991375+00:00,cuda_event
v45,M3,4,4,32,40,44.7410,gfx942,b21u01,2026-05-11T07:06:02.991375+00:00,cuda_event
v45,M3,4,4,32,41,45.9450,gfx942,b21u01,2026-05-11T07:06:02.991375+00:00,cuda_event
v45,M3,4,4,32,42,45.2630,gfx942,b21u01,2026-05-11T07:06:02.991375+00:00,cuda_event
v45,M3,4,4,32,43,45.9040,gfx942,b21u01,2026-05-11T07:06:02.991375+00:00,cuda_event
v45,M3,4,4,32,44,43.6600,gfx942,b21u01,2026-05-11T07:06:02.991375+00:00,cuda_event
v45,M3,4,4,32,45,44.5410,gfx942,b21u01,2026-05-11T07:06:02.991375+00:00,cuda_event
v45,M3,4,4,32,46,45.5830,gfx942,b21u01,2026-05-11T07:06:02.991375+00:00,cuda_event
v45,M3,4,4,32,47,47.2280,gfx942,b21u01,2026-05-11T07:06:02.991375+00:00,cuda_event
v45,M3,4,4,32,48,45.1020,gfx942,b21u01,2026-05-11T07:06:02.991375+00:00,cuda_event
v45,M3,4,4,32,49,44.6210,gfx942,b21u01,2026-05-11T07:06:02.991375+00:00,cuda_event
v45,M3,4,4,32,50,46.3450,gfx942,b21u01,2026-05-11T07:06:02.991375+00:00,cuda_event
v45,M3,4,4,32,51,46.2650,gfx942,b21u01,2026-05-11T07:06:02.991375+00:00,cuda_event
v45,M3,4,4,32,52,45.8240,gfx942,b21u01,2026-05-11T07:06:02.991375+00:00,cuda_event
v45,M3,4,4,32,53,43.5390,gfx942,b21u01,2026-05-11T07:06:02.991375+00:00,cuda_event
v45,M3,4,4,32,54,44.3010,gfx942,b21u01,2026-05-11T07:06:02.991375+00:00,cuda_event
v45,M3,4,4,32,55,152.6260,gfx942,b21u01,2026-05-11T07:06:02.991375+00:00,cuda_event
v45,M3,4,4,32,56,38.7280,gfx942,b21u01,2026-05-11T07:06:02.991375+00:00,cuda_event
v45,M3,4,4,32,57,40.3310,gfx942,b21u01,2026-05-11T07:06:02.991375+00:00,cuda_event
v45,M3,4,4,32,58,38.8480,gfx942,b21u01,2026-05-11T07:06:02.991375+00:00,cuda_event
v45,M3,4,4,32,59,39.4900,gfx942,b21u01,2026-05-11T07:06:02.991375+00:00,cuda_event
v45,M3,4,4,32,60,38.3670,gfx942,b21u01,2026-05-11T07:06:02.991375+00:00,cuda_event
v45,M3,4,4,32,61,38.8880,gfx942,b21u01,2026-05-11T07:06:02.991375+00:00,cuda_event
v45,M3,4,4,32,62,39.4900,gfx942,b21u01,2026-05-11T07:06:02.991375+00:00,cuda_event
v45,M3,4,4,32,63,38.0860,gfx942,b21u01,2026-05-11T07:06:02.991375+00:00,cuda_event
v45,M3,4,4,32,64,41.0530,gfx942,b21u01,2026-05-11T07:06:02.991375+00:00,cuda_event
v45,M3,4,4,32,65,40.2920,gfx942,b21u01,2026-05-11T07:06:02.991375+00:00,cuda_event
v45,M3,4,4,32,66,41.3730,gfx942,b21u01,2026-05-11T07:06:02.991375+00:00,cuda_event
v45,M3,4,4,32,67,38.0070,gfx942,b21u01,2026-05-11T07:06:02.991375+00:00,cuda_event
v45,M3,4,4,32,68,40.2510,gfx942,b21u01,2026-05-11T07:06:02.991375+00:00,cuda_event
v45,M3,4,4,32,69,39.9310,gfx942,b21u01,2026-05-11T07:06:02.991375+00:00,cuda_event
v45,M3,4,4,32,70,40.3720,gfx942,b21u01,2026-05-11T07:06:02.991375+00:00,cuda_event
v45,M3,4,4,32,71,37.5250,gfx942,b21u01,2026-05-11T07:06:02.991375+00:00,cuda_event
v45,M3,4,4,32,72,40.6930,gfx942,b21u01,2026-05-11T07:06:02.991375+00:00,cuda_event
v45,M3,4,4,32,73,40.5720,gfx942,b21u01,2026-05-11T07:06:02.991375+00:00,cuda_event
v45,M3,4,4,32,74,40.3310,gfx942,b21u01,2026-05-11T07:06:02.991375+00:00,cuda_event
v45,M3,4,4,32,75,35.3600,gfx942,b21u01,2026-05-11T07:06:02.991375+00:00,cuda_event
v45,M3,4,4,32,76,36.2020,gfx942,b21u01,2026-05-11T07:06:02.991375+00:00,cuda_event
v45,M3,4,4,32,77,36.1220,gfx942,b21u01,2026-05-11T07:06:02.991375+00:00,cuda_event
v45,M3,4,4,32,78,36.3230,gfx942,b21u01,2026-05-11T07:06:02.991375+00:00,cuda_event
v45,M3,4,4,32,79,35.8810,gfx942,b21u01,2026-05-11T07:06:02.991375+00:00,cuda_event
v45,M3,4,4,32,80,35.4000,gfx942,b21u01,2026-05-11T07:06:02.991375+00:00,cuda_event
v45,M3,4,4,32,81,36.4430,gfx942,b21u01,2026-05-11T07:06:02.991375+00:00,cuda_event
v45,M3,4,4,32,82,36.2820,gfx942,b21u01,2026-05-11T07:06:02.991375+00:00,cuda_event
v45,M3,4,4,32,83,36.8840,gfx942,b21u01,2026-05-11T07:06:02.991375+00:00,cuda_event
v45,M3,4,4,32,84,38.0060,gfx942,b21u01,2026-05-11T07:06:02.991375+00:00,cuda_event
v45,M3,4,4,32,85,42.3360,gfx942,b21u01,2026-05-11T07:06:02.991375+00:00,cuda_event
v45,M3,4,4,32,86,36.8040,gfx942,b21u01,2026-05-11T07:06:02.991375+00:00,cuda_event
v45,M3,4,4,32,87,36.0820,gfx942,b21u01,2026-05-11T07:06:02.991375+00:00,cuda_event
v45,M3,4,4,32,88,37.1640,gfx942,b21u01,2026-05-11T07:06:02.991375+00:00,cuda_event
v45,M3,4,4,32,89,35.9620,gfx942,b21u01,2026-05-11T07:06:02.991375+00:00,cuda_event
v45,M3,4,4,32,90,35.6410,gfx942,b21u01,2026-05-11T07:06:02.991375+00:00,cuda_event
v45,M3,4,4,32,91,38.1270,gfx942,b21u01,2026-05-11T07:06:02.991375+00:00,cuda_event
v45,M3,4,4,32,92,34.9190,gfx942,b21u01,2026-05-11T07:06:02.991375+00:00,cuda_event
v45,M3,4,4,32,93,35.3200,gfx942,b21u01,2026-05-11T07:06:02.991375+00:00,cuda_event
v45,M3,4,4,32,94,34.9190,gfx942,b21u01,2026-05-11T07:06:02.991375+00:00,cuda_event
v45,M3,4,4,32,95,35.8020,gfx942,b21u01,2026-05-11T07:06:02.991375+00:00,cuda_event
v45,M3,4,4,32,96,34.9190,gfx942,b21u01,2026-05-11T07:06:02.991375+00:00,cuda_event
v45,M3,4,4,32,97,34.5590,gfx942,b21u01,2026-05-11T07:06:02.991375+00:00,cuda_event
v45,M3,4,4,32,98,36.4830,gfx942,b21u01,2026-05-11T07:06:02.991375+00:00,cuda_event
v45,M3,4,4,32,99,36.7240,gfx942,b21u01,2026-05-11T07:06:02.991375+00:00,cuda_event
v45,M3,4,4,32,100,35.6410,gfx942,b21u01,2026-05-11T07:06:02.991375+00:00,cuda_event
v45,M3,4,4,32,101,35.7210,gfx942,b21u01,2026-05-11T07:06:02.991375+00:00,cuda_event
v45,M3,4,4,32,102,36.3230,gfx942,b21u01,2026-05-11T07:06:02.991375+00:00,cuda_event
v45,M3,4,4,32,103,36.4430,gfx942,b21u01,2026-05-11T07:06:02.991375+00:00,cuda_event
v45,M3,4,4,32,104,36.5630,gfx942,b21u01,2026-05-11T07:06:02.991375+00:00,cuda_event
v45,M3,4,4,32,105,34.5580,gfx942,b21u01,2026-05-11T07:06:02.991375+00:00,cuda_event
v45,M3,4,4,32,106,36.2020,gfx942,b21u01,2026-05-11T07:06:02.991375+00:00,cuda_event
v45,M3,4,4,32,107,35.8410,gfx942,b21u01,2026-05-11T07:06:02.991375+00:00,cuda_event
v45,M3,4,4,32,108,36.6830,gfx942,b21u01,2026-05-11T07:06:02.991375+00:00,cuda_event
v45,M3,4,4,32,109,40.7330,gfx942,b21u01,2026-05-11T07:06:02.991375+00:00,cuda_event
v45,M3,4,4,32,110,38.8480,gfx942,b21u01,2026-05-11T07:06:02.991375+00:00,cuda_event
v45,M3,4,4,32,111,37.6460,gfx942,b21u01,2026-05-11T07:06:02.991375+00:00,cuda_event
v45,M3,4,4,32,112,34.0770,gfx942,b21u01,2026-05-11T07:06:02.991375+00:00,cuda_event
v45,M3,4,4,32,113,34.7190,gfx942,b21u01,2026-05-11T07:06:02.991375+00:00,cuda_event
v45,M3,4,4,32,114,36.5640,gfx942,b21u01,2026-05-11T07:06:02.991375+00:00,cuda_event
v45,M3,4,4,32,115,35.4800,gfx942,b21u01,2026-05-11T07:06:02.991375+00:00,cuda_event
v45,M3,4,4,32,116,36.7640,gfx942,b21u01,2026-05-11T07:06:02.991375+00:00,cuda_event
v45,M3,4,4,32,117,35.7220,gfx942,b21u01,2026-05-11T07:06:02.991375+00:00,cuda_event
v45,M3,4,4,32,118,36.7640,gfx942,b21u01,2026-05-11T07:06:02.991375+00:00,cuda_event
v45,M3,4,4,32,119,35.1190,gfx942,b21u01,2026-05-11T07:06:02.991375+00:00,cuda_event
v45,M3,4,4,32,120,36.1620,gfx942,b21u01,2026-05-11T07:06:02.991375+00:00,cuda_event
v45,M3,4,4,32,121,36.0820,gfx942,b21u01,2026-05-11T07:06:02.991375+00:00,cuda_event
v45,M3,4,4,32,122,36.1220,gfx942,b21u01,2026-05-11T07:06:02.991375+00:00,cuda_event
v45,M3,4,4,32,123,35.5210,gfx942,b21u01,2026-05-11T07:06:02.991375+00:00,cuda_event
v45,M3,4,4,32,124,36.0820,gfx942,b21u01,2026-05-11T07:06:02.991375+00:00,cuda_event
v45,M3,4,4,32,125,35.2400,gfx942,b21u01,2026-05-11T07:06:02.991375+00:00,cuda_event
v45,M3,4,4,32,126,37.1240,gfx942,b21u01,2026-05-11T07:06:02.991375+00:00,cuda_event
v45,M3,4,4,32,127,36.8040,gfx942,b21u01,2026-05-11T07:06:02.991375+00:00,cuda_event
v45,M3,4,4,32,128,37.1640,gfx942,b21u01,2026-05-11T07:06:02.991375+00:00,cuda_event
v45,M3,4,4,32,129,36.0020,gfx942,b21u01,2026-05-11T07:06:02.991375+00:00,cuda_event
v45,M3,4,4,32,130,36.0020,gfx942,b21u01,2026-05-11T07:06:02.991375+00:00,cuda_event
v45,M3,4,4,32,131,36.4030,gfx942,b21u01,2026-05-11T07:06:02.991375+00:00,cuda_event
v45,M3,4,4,32,132,38.3670,gfx942,b21u01,2026-05-11T07:06:02.991375+00:00,cuda_event
v45,M3,4,4,32,133,34.9190,gfx942,b21u01,2026-05-11T07:06:02.991375+00:00,cuda_event
v45,M3,4,4,32,134,36.2820,gfx942,b21u01,2026-05-11T07:06:02.991375+00:00,cuda_event
v45,M3,4,4,32,135,35.2400,gfx942,b21u01,2026-05-11T07:06:02.991375+00:00,cuda_event
v45,M3,4,4,32,136,38.0460,gfx942,b21u01,2026-05-11T07:06:02.991375+00:00,cuda_event
v45,M3,4,4,32,137,35.5600,gfx942,b21u01,2026-05-11T07:06:02.991375+00:00,cuda_event
v45,M3,4,4,32,138,36.2020,gfx942,b21u01,2026-05-11T07:06:02.991375+00:00,cuda_event
v45,M3,4,4,32,139,35.6810,gfx942,b21u01,2026-05-11T07:06:02.991375+00:00,cuda_event
v45,M3,4,4,32,140,36.2820,gfx942,b21u01,2026-05-11T07:06:02.991375+00:00,cuda_event
v45,M3,4,4,32,141,33.9970,gfx942,b21u01,2026-05-11T07:06:02.991375+00:00,cuda_event
v45,M3,4,4,32,142,36.0820,gfx942,b21u01,2026-05-11T07:06:02.991375+00:00,cuda_event
v45,M3,4,4,32,143,36.1220,gfx942,b21u01,2026-05-11T07:06:02.991375+00:00,cuda_event
v45,M3,4,4,32,144,36.6840,gfx942,b21u01,2026-05-11T07:06:02.991375+00:00,cuda_event
v45,M3,4,4,32,145,36.6430,gfx942,b21u01,2026-05-11T07:06:02.991375+00:00,cuda_event
v45,M3,4,4,32,146,36.6040,gfx942,b21u01,2026-05-11T07:06:02.991375+00:00,cuda_event
v45,M3,4,4,32,147,36.2420,gfx942,b21u01,2026-05-11T07:06:02.991375+00:00,cuda_event
v45,M3,4,4,32,148,36.3620,gfx942,b21u01,2026-05-11T07:06:02.991375+00:00,cuda_event
v45,M3,4,4,32,149,36.6440,gfx942,b21u01,2026-05-11T07:06:02.991375+00:00,cuda_event
v45,M3,4,4,32,150,38.6080,gfx942,b21u01,2026-05-11T07:06:02.991375+00:00,cuda_event
v45,M3,4,4,32,151,38.5270,gfx942,b21u01,2026-05-11T07:06:02.991375+00:00,cuda_event
v45,M3,4,4,32,152,32.1530,gfx942,b21u01,2026-05-11T07:06:02.991375+00:00,cuda_event
v45,M3,4,4,32,153,35.6810,gfx942,b21u01,2026-05-11T07:06:02.991375+00:00,cuda_event
v45,M3,4,4,32,154,36.0010,gfx942,b21u01,2026-05-11T07:06:02.991375+00:00,cuda_event
v45,M3,4,4,32,155,36.2420,gfx942,b21u01,2026-05-11T07:06:02.991375+00:00,cuda_event
v45,M3,4,4,32,156,35.6810,gfx942,b21u01,2026-05-11T07:06:02.991375+00:00,cuda_event
v45,M3,4,4,32,157,35.7210,gfx942,b21u01,2026-05-11T07:06:02.991375+00:00,cuda_event
v45,M3,4,4,32,158,35.7210,gfx942,b21u01,2026-05-11T07:06:02.991375+00:00,cuda_event
v45,M3,4,4,32,159,35.8820,gfx942,b21u01,2026-05-11T07:06:02.991375+00:00,cuda_event
v45,M3,4,4,32,160,37.4450,gfx942,b21u01,2026-05-11T07:06:02.991375+00:00,cuda_event
v45,M3,4,4,32,161,36.3620,gfx942,b21u01,2026-05-11T07:06:02.991375+00:00,cuda_event
v45,M3,4,4,32,162,36.7640,gfx942,b21u01,2026-05-11T07:06:02.991375+00:00,cuda_event
v45,M3,4,4,32,163,36.5230,gfx942,b21u01,2026-05-11T07:06:02.991375+00:00,cuda_event
v45,M3,4,4,32,164,36.1620,gfx942,b21u01,2026-05-11T07:06:02.991375+00:00,cuda_event
v45,M3,4,4,32,165,37.2050,gfx942,b21u01,2026-05-11T07:06:02.991375+00:00,cuda_event
v45,M3,4,4,32,166,37.7660,gfx942,b21u01,2026-05-11T07:06:02.991375+00:00,cuda_event
v45,M3,4,4,32,167,37.7660,gfx942,b21u01,2026-05-11T07:06:02.991375+00:00,cuda_event
v45,M3,4,4,32,168,36.8430,gfx942,b21u01,2026-05-11T07:06:02.991375+00:00,cuda_event
v45,M3,4,4,32,169,36.9640,gfx942,b21u01,2026-05-11T07:06:02.991375+00:00,cuda_event
v45,M3,4,4,32,170,36.9240,gfx942,b21u01,2026-05-11T07:06:02.991375+00:00,cuda_event
v45,M3,4,4,32,171,35.4000,gfx942,b21u01,2026-05-11T07:06:02.991375+00:00,cuda_event
v45,M3,4,4,32,172,36.5630,gfx942,b21u01,2026-05-11T07:06:02.991375+00:00,cuda_event
v45,M3,4,4,32,173,34.7590,gfx942,b21u01,2026-05-11T07:06:02.991375+00:00,cuda_event
v45,M3,4,4,32,174,36.4430,gfx942,b21u01,2026-05-11T07:06:02.991375+00:00,cuda_event
v45,M3,4,4,32,175,35.4400,gfx942,b21u01,2026-05-11T07:06:02.991375+00:00,cuda_event
v45,M3,4,4,32,176,35.6010,gfx942,b21u01,2026-05-11T07:06:02.991375+00:00,cuda_event
v45,M3,4,4,32,177,34.3980,gfx942,b21u01,2026-05-11T07:06:02.991375+00:00,cuda_event
v45,M3,4,4,32,178,36.2020,gfx942,b21u01,2026-05-11T07:06:02.991375+00:00,cuda_event
v45,M3,4,4,32,179,37.3250,gfx942,b21u01,2026-05-11T07:06:02.991375+00:00,cuda_event
v45,M3,4,4,32,180,35.2800,gfx942,b21u01,2026-05-11T07:06:02.991375+00:00,cuda_event
v45,M3,4,4,32,181,36.2420,gfx942,b21u01,2026-05-11T07:06:02.991375+00:00,cuda_event
v45,M3,4,4,32,182,35.6410,gfx942,b21u01,2026-05-11T07:06:02.991375+00:00,cuda_event
v45,M3,4,4,32,183,37.7250,gfx942,b21u01,2026-05-11T07:06:02.991375+00:00,cuda_event
v45,M3,4,4,32,184,35.5610,gfx942,b21u01,2026-05-11T07:06:02.991375+00:00,cuda_event
v45,M3,4,4,32,185,36.4420,gfx942,b21u01,2026-05-11T07:06:02.991375+00:00,cuda_event
v45,M3,4,4,32,186,36.4830,gfx942,b21u01,2026-05-11T07:06:02.991375+00:00,cuda_event
v45,M3,4,4,32,187,35.8010,gfx942,b21u01,2026-05-11T07:06:02.991375+00:00,cuda_event
v45,M3,4,4,32,188,36.8840,gfx942,b21u01,2026-05-11T07:06:02.991375+00:00,cuda_event
v45,M3,4,4,32,189,36.9230,gfx942,b21u01,2026-05-11T07:06:02.991375+00:00,cuda_event
v45,M3,4,4,32,190,36.0820,gfx942,b21u01,2026-05-11T07:06:02.991375+00:00,cuda_event
v45,M3,4,4,32,191,31.9930,gfx942,b21u01,2026-05-11T07:06:02.991375+00:00,cuda_event
v45,M3,4,4,32,192,35.9620,gfx942,b21u01,2026-05-11T07:06:02.991375+00:00,cuda_event
v45,M3,4,4,32,193,35.8410,gfx942,b21u01,2026-05-11T07:06:02.991375+00:00,cuda_event
v45,M3,4,4,32,194,36.2420,gfx942,b21u01,2026-05-11T07:06:02.991375+00:00,cuda_event
v45,M3,4,4,32,195,34.7590,gfx942,b21u01,2026-05-11T07:06:02.991375+00:00,cuda_event
v45,M3,4,4,32,196,35.7210,gfx942,b21u01,2026-05-11T07:06:02.991375+00:00,cuda_event
v45,M3,4,4,32,197,35.2400,gfx942,b21u01,2026-05-11T07:06:02.991375+00:00,cuda_event
v45,M3,4,4,32,198,35.9210,gfx942,b21u01,2026-05-11T07:06:02.991375+00:00,cuda_event
v45,M3,4,4,32,199,35.9210,gfx942,b21u01,2026-05-11T07:06:02.991375+00:00,cuda_event
v45,N3,4,4,32,0,45.0220,gfx942,b21u01,2026-05-11T07:06:03.004150+00:00,cuda_event
v45,N3,4,4,32,1,39.0480,gfx942,b21u01,2026-05-11T07:06:03.004150+00:00,cuda_event
v45,N3,4,4,32,2,36.6830,gfx942,b21u01,2026-05-11T07:06:03.004150+00:00,cuda_event
v45,N3,4,4,32,3,38.0870,gfx942,b21u01,2026-05-11T07:06:03.004150+00:00,cuda_event
v45,N3,4,4,32,4,38.6080,gfx942,b21u01,2026-05-11T07:06:03.004150+00:00,cuda_event
v45,N3,4,4,32,5,40.0100,gfx942,b21u01,2026-05-11T07:06:03.004150+00:00,cuda_event
v45,N3,4,4,32,6,37.8460,gfx942,b21u01,2026-05-11T07:06:03.004150+00:00,cuda_event
v45,N3,4,4,32,7,35.5610,gfx942,b21u01,2026-05-11T07:06:03.004150+00:00,cuda_event
v45,N3,4,4,32,8,38.0860,gfx942,b21u01,2026-05-11T07:06:03.004150+00:00,cuda_event
v45,N3,4,4,32,9,38.1670,gfx942,b21u01,2026-05-11T07:06:03.004150+00:00,cuda_event
v45,N3,4,4,32,10,36.0420,gfx942,b21u01,2026-05-11T07:06:03.004150+00:00,cuda_event
v45,N3,4,4,32,11,36.4820,gfx942,b21u01,2026-05-11T07:06:03.004150+00:00,cuda_event
v45,N3,4,4,32,12,37.5250,gfx942,b21u01,2026-05-11T07:06:03.004150+00:00,cuda_event
v45,N3,4,4,32,13,36.2020,gfx942,b21u01,2026-05-11T07:06:03.004150+00:00,cuda_event
v45,N3,4,4,32,14,36.0820,gfx942,b21u01,2026-05-11T07:06:03.004150+00:00,cuda_event
v45,N3,4,4,32,15,36.5630,gfx942,b21u01,2026-05-11T07:06:03.004150+00:00,cuda_event
v45,N3,4,4,32,16,39.1690,gfx942,b21u01,2026-05-11T07:06:03.004150+00:00,cuda_event
v45,N3,4,4,32,17,40.2520,gfx942,b21u01,2026-05-11T07:06:03.004150+00:00,cuda_event
v45,N3,4,4,32,18,37.2050,gfx942,b21u01,2026-05-11T07:06:03.004150+00:00,cuda_event
v45,N3,4,4,32,19,37.9670,gfx942,b21u01,2026-05-11T07:06:03.004150+00:00,cuda_event
v45,N3,4,4,32,20,39.2890,gfx942,b21u01,2026-05-11T07:06:03.004150+00:00,cuda_event
v45,N3,4,4,32,21,37.5250,gfx942,b21u01,2026-05-11T07:06:03.004150+00:00,cuda_event
v45,N3,4,4,32,22,38.8480,gfx942,b21u01,2026-05-11T07:06:03.004150+00:00,cuda_event
v45,N3,4,4,32,23,36.8040,gfx942,b21u01,2026-05-11T07:06:03.004150+00:00,cuda_event
v45,N3,4,4,32,24,35.8010,gfx942,b21u01,2026-05-11T07:06:03.004150+00:00,cuda_event
v45,N3,4,4,32,25,34.6390,gfx942,b21u01,2026-05-11T07:06:03.004150+00:00,cuda_event
v45,N3,4,4,32,26,37.6460,gfx942,b21u01,2026-05-11T07:06:03.004150+00:00,cuda_event
v45,N3,4,4,32,27,37.3250,gfx942,b21u01,2026-05-11T07:06:03.004150+00:00,cuda_event
v45,N3,4,4,32,28,35.0000,gfx942,b21u01,2026-05-11T07:06:03.004150+00:00,cuda_event
v45,N3,4,4,32,29,37.4050,gfx942,b21u01,2026-05-11T07:06:03.004150+00:00,cuda_event
v45,N3,4,4,32,30,36.7230,gfx942,b21u01,2026-05-11T07:06:03.004150+00:00,cuda_event
v45,N3,4,4,32,31,35.6810,gfx942,b21u01,2026-05-11T07:06:03.004150+00:00,cuda_event
v45,N3,4,4,32,32,37.4050,gfx942,b21u01,2026-05-11T07:06:03.004150+00:00,cuda_event
v45,N3,4,4,32,33,36.6840,gfx942,b21u01,2026-05-11T07:06:03.004150+00:00,cuda_event
v45,N3,4,4,32,34,41.6950,gfx942,b21u01,2026-05-11T07:06:03.004150+00:00,cuda_event
v45,N3,4,4,32,35,37.4050,gfx942,b21u01,2026-05-11T07:06:03.004150+00:00,cuda_event
v45,N3,4,4,32,36,39.4500,gfx942,b21u01,2026-05-11T07:06:03.004150+00:00,cuda_event
v45,N3,4,4,32,37,37.2050,gfx942,b21u01,2026-05-11T07:06:03.004150+00:00,cuda_event
v45,N3,4,4,32,38,40.2520,gfx942,b21u01,2026-05-11T07:06:03.004150+00:00,cuda_event
v45,N3,4,4,32,39,37.0840,gfx942,b21u01,2026-05-11T07:06:03.004150+00:00,cuda_event
v45,N3,4,4,32,40,39.0090,gfx942,b21u01,2026-05-11T07:06:03.004150+00:00,cuda_event
v45,N3,4,4,32,41,40.7330,gfx942,b21u01,2026-05-11T07:06:03.004150+00:00,cuda_event
v45,N3,4,4,32,42,39.9310,gfx942,b21u01,2026-05-11T07:06:03.004150+00:00,cuda_event
v45,N3,4,4,32,43,36.0420,gfx942,b21u01,2026-05-11T07:06:03.004150+00:00,cuda_event
v45,N3,4,4,32,44,39.1690,gfx942,b21u01,2026-05-11T07:06:03.004150+00:00,cuda_event
v45,N3,4,4,32,45,38.3270,gfx942,b21u01,2026-05-11T07:06:03.004150+00:00,cuda_event
v45,N3,4,4,32,46,38.7680,gfx942,b21u01,2026-05-11T07:06:03.004150+00:00,cuda_event
v45,N3,4,4,32,47,35.7210,gfx942,b21u01,2026-05-11T07:06:03.004150+00:00,cuda_event
v45,N3,4,4,32,48,37.7660,gfx942,b21u01,2026-05-11T07:06:03.004150+00:00,cuda_event
v45,N3,4,4,32,49,39.9700,gfx942,b21u01,2026-05-11T07:06:03.004150+00:00,cuda_event
v45,N3,4,4,32,50,36.8030,gfx942,b21u01,2026-05-11T07:06:03.004150+00:00,cuda_event
v45,N3,4,4,32,51,36.9640,gfx942,b21u01,2026-05-11T07:06:03.004150+00:00,cuda_event
v45,N3,4,4,32,52,38.1670,gfx942,b21u01,2026-05-11T07:06:03.004150+00:00,cuda_event
v45,N3,4,4,32,53,38.8490,gfx942,b21u01,2026-05-11T07:06:03.004150+00:00,cuda_event
v45,N3,4,4,32,54,37.2840,gfx942,b21u01,2026-05-11T07:06:03.004150+00:00,cuda_event
v45,N3,4,4,32,55,36.7230,gfx942,b21u01,2026-05-11T07:06:03.004150+00:00,cuda_event
v45,N3,4,4,32,56,38.1670,gfx942,b21u01,2026-05-11T07:06:03.004150+00:00,cuda_event
v45,N3,4,4,32,57,39.6500,gfx942,b21u01,2026-05-11T07:06:03.004150+00:00,cuda_event
v45,N3,4,4,32,58,36.7230,gfx942,b21u01,2026-05-11T07:06:03.004150+00:00,cuda_event
v45,N3,4,4,32,59,37.8460,gfx942,b21u01,2026-05-11T07:06:03.004150+00:00,cuda_event
v45,N3,4,4,32,60,38.6480,gfx942,b21u01,2026-05-11T07:06:03.004150+00:00,cuda_event
v45,N3,4,4,32,61,38.5270,gfx942,b21u01,2026-05-11T07:06:03.004150+00:00,cuda_event
v45,N3,4,4,32,62,36.3220,gfx942,b21u01,2026-05-11T07:06:03.004150+00:00,cuda_event
v45,N3,4,4,32,63,37.8450,gfx942,b21u01,2026-05-11T07:06:03.004150+00:00,cuda_event
v45,N3,4,4,32,64,35.7610,gfx942,b21u01,2026-05-11T07:06:03.004150+00:00,cuda_event
v45,N3,4,4,32,65,39.7700,gfx942,b21u01,2026-05-11T07:06:03.004150+00:00,cuda_event
v45,N3,4,4,32,66,36.9240,gfx942,b21u01,2026-05-11T07:06:03.004150+00:00,cuda_event
v45,N3,4,4,32,67,36.3630,gfx942,b21u01,2026-05-11T07:06:03.004150+00:00,cuda_event
v45,N3,4,4,32,68,37.6860,gfx942,b21u01,2026-05-11T07:06:03.004150+00:00,cuda_event
v45,N3,4,4,32,69,37.8460,gfx942,b21u01,2026-05-11T07:06:03.004150+00:00,cuda_event
v45,N3,4,4,32,70,38.0860,gfx942,b21u01,2026-05-11T07:06:03.004150+00:00,cuda_event
v45,N3,4,4,32,71,37.5260,gfx942,b21u01,2026-05-11T07:06:03.004150+00:00,cuda_event
v45,N3,4,4,32,72,39.2890,gfx942,b21u01,2026-05-11T07:06:03.004150+00:00,cuda_event
v45,N3,4,4,32,73,40.0910,gfx942,b21u01,2026-05-11T07:06:03.004150+00:00,cuda_event
v45,N3,4,4,32,74,42.0960,gfx942,b21u01,2026-05-11T07:06:03.004150+00:00,cuda_event
v45,N3,4,4,32,75,38.0060,gfx942,b21u01,2026-05-11T07:06:03.004150+00:00,cuda_event
v45,N3,4,4,32,76,39.8900,gfx942,b21u01,2026-05-11T07:06:03.004150+00:00,cuda_event
v45,N3,4,4,32,77,37.6850,gfx942,b21u01,2026-05-11T07:06:03.004150+00:00,cuda_event
v45,N3,4,4,32,78,37.6050,gfx942,b21u01,2026-05-11T07:06:03.004150+00:00,cuda_event
v45,N3,4,4,32,79,36.6030,gfx942,b21u01,2026-05-11T07:06:03.004150+00:00,cuda_event
v45,N3,4,4,32,80,39.6910,gfx942,b21u01,2026-05-11T07:06:03.004150+00:00,cuda_event
v45,N3,4,4,32,81,36.3220,gfx942,b21u01,2026-05-11T07:06:03.004150+00:00,cuda_event
v45,N3,4,4,32,82,37.4050,gfx942,b21u01,2026-05-11T07:06:03.004150+00:00,cuda_event
v45,N3,4,4,32,83,37.4050,gfx942,b21u01,2026-05-11T07:06:03.004150+00:00,cuda_event
v45,N3,4,4,32,84,37.5250,gfx942,b21u01,2026-05-11T07:06:03.004150+00:00,cuda_event
v45,N3,4,4,32,85,39.8510,gfx942,b21u01,2026-05-11T07:06:03.004150+00:00,cuda_event
v45,N3,4,4,32,86,38.3270,gfx942,b21u01,2026-05-11T07:06:03.004150+00:00,cuda_event
v45,N3,4,4,32,87,37.2840,gfx942,b21u01,2026-05-11T07:06:03.004150+00:00,cuda_event
v45,N3,4,4,32,88,37.1240,gfx942,b21u01,2026-05-11T07:06:03.004150+00:00,cuda_event
v45,N3,4,4,32,89,40.3310,gfx942,b21u01,2026-05-11T07:06:03.004150+00:00,cuda_event
v45,N3,4,4,32,90,37.6060,gfx942,b21u01,2026-05-11T07:06:03.004150+00:00,cuda_event
v45,N3,4,4,32,91,37.9260,gfx942,b21u01,2026-05-11T07:06:03.004150+00:00,cuda_event
v45,N3,4,4,32,92,36.2420,gfx942,b21u01,2026-05-11T07:06:03.004150+00:00,cuda_event
v45,N3,4,4,32,93,40.1310,gfx942,b21u01,2026-05-11T07:06:03.004150+00:00,cuda_event
v45,N3,4,4,32,94,37.5650,gfx942,b21u01,2026-05-11T07:06:03.004150+00:00,cuda_event
v45,N3,4,4,32,95,37.1240,gfx942,b21u01,2026-05-11T07:06:03.004150+00:00,cuda_event
v45,N3,4,4,32,96,37.3250,gfx942,b21u01,2026-05-11T07:06:03.004150+00:00,cuda_event
v45,N3,4,4,32,97,36.2020,gfx942,b21u01,2026-05-11T07:06:03.004150+00:00,cuda_event
v45,N3,4,4,32,98,39.4900,gfx942,b21u01,2026-05-11T07:06:03.004150+00:00,cuda_event
v45,N3,4,4,32,99,35.6810,gfx942,b21u01,2026-05-11T07:06:03.004150+00:00,cuda_event
v45,N3,4,4,32,100,36.0410,gfx942,b21u01,2026-05-11T07:06:03.004150+00:00,cuda_event
v45,N3,4,4,32,101,37.2050,gfx942,b21u01,2026-05-11T07:06:03.004150+00:00,cuda_event
v45,N3,4,4,32,102,37.8860,gfx942,b21u01,2026-05-11T07:06:03.004150+00:00,cuda_event
v45,N3,4,4,32,103,36.6830,gfx942,b21u01,2026-05-11T07:06:03.004150+00:00,cuda_event
v45,N3,4,4,32,104,37.9660,gfx942,b21u01,2026-05-11T07:06:03.004150+00:00,cuda_event
v45,N3,4,4,32,105,38.2870,gfx942,b21u01,2026-05-11T07:06:03.004150+00:00,cuda_event
v45,N3,4,4,32,106,37.0840,gfx942,b21u01,2026-05-11T07:06:03.004150+00:00,cuda_event
v45,N3,4,4,32,107,36.7630,gfx942,b21u01,2026-05-11T07:06:03.004150+00:00,cuda_event
v45,N3,4,4,32,108,39.6900,gfx942,b21u01,2026-05-11T07:06:03.004150+00:00,cuda_event
v45,N3,4,4,32,109,36.9230,gfx942,b21u01,2026-05-11T07:06:03.004150+00:00,cuda_event
v45,N3,4,4,32,110,40.0910,gfx942,b21u01,2026-05-11T07:06:03.004150+00:00,cuda_event
v45,N3,4,4,32,111,37.9670,gfx942,b21u01,2026-05-11T07:06:03.004150+00:00,cuda_event
v45,N3,4,4,32,112,39.8100,gfx942,b21u01,2026-05-11T07:06:03.004150+00:00,cuda_event
v45,N3,4,4,32,113,39.0080,gfx942,b21u01,2026-05-11T07:06:03.004150+00:00,cuda_event
v45,N3,4,4,32,114,36.0810,gfx942,b21u01,2026-05-11T07:06:03.004150+00:00,cuda_event
v45,N3,4,4,32,115,36.9240,gfx942,b21u01,2026-05-11T07:06:03.004150+00:00,cuda_event
v45,N3,4,4,32,116,39.2490,gfx942,b21u01,2026-05-11T07:06:03.004150+00:00,cuda_event
v45,N3,4,4,32,117,35.7210,gfx942,b21u01,2026-05-11T07:06:03.004150+00:00,cuda_event
v45,N3,4,4,32,118,40.2910,gfx942,b21u01,2026-05-11T07:06:03.004150+00:00,cuda_event
v45,N3,4,4,32,119,36.4030,gfx942,b21u01,2026-05-11T07:06:03.004150+00:00,cuda_event
v45,N3,4,4,32,120,41.4950,gfx942,b21u01,2026-05-11T07:06:03.004150+00:00,cuda_event
v45,N3,4,4,32,121,37.4850,gfx942,b21u01,2026-05-11T07:06:03.004150+00:00,cuda_event
v45,N3,4,4,32,122,38.1270,gfx942,b21u01,2026-05-11T07:06:03.004150+00:00,cuda_event
v45,N3,4,4,32,123,36.0020,gfx942,b21u01,2026-05-11T07:06:03.004150+00:00,cuda_event
v45,N3,4,4,32,124,39.3290,gfx942,b21u01,2026-05-11T07:06:03.004150+00:00,cuda_event
v45,N3,4,4,32,125,39.4900,gfx942,b21u01,2026-05-11T07:06:03.004150+00:00,cuda_event
v45,N3,4,4,32,126,40.0910,gfx942,b21u01,2026-05-11T07:06:03.004150+00:00,cuda_event
v45,N3,4,4,32,127,40.0110,gfx942,b21u01,2026-05-11T07:06:03.004150+00:00,cuda_event
v45,N3,4,4,32,128,36.9230,gfx942,b21u01,2026-05-11T07:06:03.004150+00:00,cuda_event
v45,N3,4,4,32,129,39.7700,gfx942,b21u01,2026-05-11T07:06:03.004150+00:00,cuda_event
v45,N3,4,4,32,130,37.2840,gfx942,b21u01,2026-05-11T07:06:03.004150+00:00,cuda_event
v45,N3,4,4,32,131,40.3720,gfx942,b21u01,2026-05-11T07:06:03.004150+00:00,cuda_event
v45,N3,4,4,32,132,37.3240,gfx942,b21u01,2026-05-11T07:06:03.004150+00:00,cuda_event
v45,N3,4,4,32,133,36.8840,gfx942,b21u01,2026-05-11T07:06:03.004150+00:00,cuda_event
v45,N3,4,4,32,134,36.1620,gfx942,b21u01,2026-05-11T07:06:03.004150+00:00,cuda_event
v45,N3,4,4,32,135,36.8030,gfx942,b21u01,2026-05-11T07:06:03.004150+00:00,cuda_event
v45,N3,4,4,32,136,38.4880,gfx942,b21u01,2026-05-11T07:06:03.004150+00:00,cuda_event
v45,N3,4,4,32,137,36.2820,gfx942,b21u01,2026-05-11T07:06:03.004150+00:00,cuda_event
v45,N3,4,4,32,138,36.9640,gfx942,b21u01,2026-05-11T07:06:03.004150+00:00,cuda_event
v45,N3,4,4,32,139,35.8820,gfx942,b21u01,2026-05-11T07:06:03.004150+00:00,cuda_event
v45,N3,4,4,32,140,37.8460,gfx942,b21u01,2026-05-11T07:06:03.004150+00:00,cuda_event
v45,N3,4,4,32,141,37.5660,gfx942,b21u01,2026-05-11T07:06:03.004150+00:00,cuda_event
v45,N3,4,4,32,142,41.0930,gfx942,b21u01,2026-05-11T07:06:03.004150+00:00,cuda_event
v45,N3,4,4,32,143,34.7590,gfx942,b21u01,2026-05-11T07:06:03.004150+00:00,cuda_event
v45,N3,4,4,32,144,37.2450,gfx942,b21u01,2026-05-11T07:06:03.004150+00:00,cuda_event
v45,N3,4,4,32,145,39.8510,gfx942,b21u01,2026-05-11T07:06:03.004150+00:00,cuda_event
v45,N3,4,4,32,146,35.5200,gfx942,b21u01,2026-05-11T07:06:03.004150+00:00,cuda_event
v45,N3,4,4,32,147,39.2490,gfx942,b21u01,2026-05-11T07:06:03.004150+00:00,cuda_event
v45,N3,4,4,32,148,38.4870,gfx942,b21u01,2026-05-11T07:06:03.004150+00:00,cuda_event
v45,N3,4,4,32,149,39.8910,gfx942,b21u01,2026-05-11T07:06:03.004150+00:00,cuda_event
v45,N3,4,4,32,150,36.3220,gfx942,b21u01,2026-05-11T07:06:03.004150+00:00,cuda_event
v45,N3,4,4,32,151,37.6050,gfx942,b21u01,2026-05-11T07:06:03.004150+00:00,cuda_event
v45,N3,4,4,32,152,37.6450,gfx942,b21u01,2026-05-11T07:06:03.004150+00:00,cuda_event
v45,N3,4,4,32,153,37.8060,gfx942,b21u01,2026-05-11T07:06:03.004150+00:00,cuda_event
v45,N3,4,4,32,154,36.2830,gfx942,b21u01,2026-05-11T07:06:03.004150+00:00,cuda_event
v45,N3,4,4,32,155,36.3620,gfx942,b21u01,2026-05-11T07:06:03.004150+00:00,cuda_event
v45,N3,4,4,32,156,37.0850,gfx942,b21u01,2026-05-11T07:06:03.004150+00:00,cuda_event
v45,N3,4,4,32,157,35.7610,gfx942,b21u01,2026-05-11T07:06:03.004150+00:00,cuda_event
v45,N3,4,4,32,158,37.3250,gfx942,b21u01,2026-05-11T07:06:03.004150+00:00,cuda_event
v45,N3,4,4,32,159,36.4830,gfx942,b21u01,2026-05-11T07:06:03.004150+00:00,cuda_event
v45,N3,4,4,32,160,40.4510,gfx942,b21u01,2026-05-11T07:06:03.004150+00:00,cuda_event
v45,N3,4,4,32,161,38.7280,gfx942,b21u01,2026-05-11T07:06:03.004150+00:00,cuda_event
v45,N3,4,4,32,162,38.8880,gfx942,b21u01,2026-05-11T07:06:03.004150+00:00,cuda_event
v45,N3,4,4,32,163,37.8060,gfx942,b21u01,2026-05-11T07:06:03.004150+00:00,cuda_event
v45,N3,4,4,32,164,37.2450,gfx942,b21u01,2026-05-11T07:06:03.004150+00:00,cuda_event
v45,N3,4,4,32,165,41.4140,gfx942,b21u01,2026-05-11T07:06:03.004150+00:00,cuda_event
v45,N3,4,4,32,166,38.4880,gfx942,b21u01,2026-05-11T07:06:03.004150+00:00,cuda_event
v45,N3,4,4,32,167,39.4900,gfx942,b21u01,2026-05-11T07:06:03.004150+00:00,cuda_event
v45,N3,4,4,32,168,37.0840,gfx942,b21u01,2026-05-11T07:06:03.004150+00:00,cuda_event
v45,N3,4,4,32,169,38.4070,gfx942,b21u01,2026-05-11T07:06:03.004150+00:00,cuda_event
v45,N3,4,4,32,170,38.2060,gfx942,b21u01,2026-05-11T07:06:03.004150+00:00,cuda_event
v45,N3,4,4,32,171,37.7250,gfx942,b21u01,2026-05-11T07:06:03.004150+00:00,cuda_event
v45,N3,4,4,32,172,37.2450,gfx942,b21u01,2026-05-11T07:06:03.004150+00:00,cuda_event
v45,N3,4,4,32,173,37.2440,gfx942,b21u01,2026-05-11T07:06:03.004150+00:00,cuda_event
v45,N3,4,4,32,174,37.1650,gfx942,b21u01,2026-05-11T07:06:03.004150+00:00,cuda_event
v45,N3,4,4,32,175,37.3240,gfx942,b21u01,2026-05-11T07:06:03.004150+00:00,cuda_event
v45,N3,4,4,32,176,35.8420,gfx942,b21u01,2026-05-11T07:06:03.004150+00:00,cuda_event
v45,N3,4,4,32,177,34.0380,gfx942,b21u01,2026-05-11T07:06:03.004150+00:00,cuda_event
v45,N3,4,4,32,178,37.2050,gfx942,b21u01,2026-05-11T07:06:03.004150+00:00,cuda_event
v45,N3,4,4,32,179,37.4850,gfx942,b21u01,2026-05-11T07:06:03.004150+00:00,cuda_event
v45,N3,4,4,32,180,39.7300,gfx942,b21u01,2026-05-11T07:06:03.004150+00:00,cuda_event
v45,N3,4,4,32,181,37.0840,gfx942,b21u01,2026-05-11T07:06:03.004150+00:00,cuda_event
v45,N3,4,4,32,182,39.2090,gfx942,b21u01,2026-05-11T07:06:03.004150+00:00,cuda_event
v45,N3,4,4,32,183,36.4020,gfx942,b21u01,2026-05-11T07:06:03.004150+00:00,cuda_event
v45,N3,4,4,32,184,37.7260,gfx942,b21u01,2026-05-11T07:06:03.004150+00:00,cuda_event
v45,N3,4,4,32,185,40.7320,gfx942,b21u01,2026-05-11T07:06:03.004150+00:00,cuda_event
v45,N3,4,4,32,186,36.4430,gfx942,b21u01,2026-05-11T07:06:03.004150+00:00,cuda_event
v45,N3,4,4,32,187,37.7260,gfx942,b21u01,2026-05-11T07:06:03.004150+00:00,cuda_event
v45,N3,4,4,32,188,37.3250,gfx942,b21u01,2026-05-11T07:06:03.004150+00:00,cuda_event
v45,N3,4,4,32,189,37.0040,gfx942,b21u01,2026-05-11T07:06:03.004150+00:00,cuda_event
v45,N3,4,4,32,190,36.3630,gfx942,b21u01,2026-05-11T07:06:03.004150+00:00,cuda_event
v45,N3,4,4,32,191,40.3320,gfx942,b21u01,2026-05-11T07:06:03.004150+00:00,cuda_event
v45,N3,4,4,32,192,38.0870,gfx942,b21u01,2026-05-11T07:06:03.004150+00:00,cuda_event
v45,N3,4,4,32,193,34.4780,gfx942,b21u01,2026-05-11T07:06:03.004150+00:00,cuda_event
v45,N3,4,4,32,194,38.9680,gfx942,b21u01,2026-05-11T07:06:03.004150+00:00,cuda_event
v45,N3,4,4,32,195,36.6840,gfx942,b21u01,2026-05-11T07:06:03.004150+00:00,cuda_event
v45,N3,4,4,32,196,40.5320,gfx942,b21u01,2026-05-11T07:06:03.004150+00:00,cuda_event
v45,N3,4,4,32,197,36.0820,gfx942,b21u01,2026-05-11T07:06:03.004150+00:00,cuda_event
v45,N3,4,4,32,198,40.1310,gfx942,b21u01,2026-05-11T07:06:03.004150+00:00,cuda_event
v45,N3,4,4,32,199,38.0460,gfx942,b21u01,2026-05-11T07:06:03.004150+00:00,cuda_event
v45,O3,4,4,32,0,40.6120,gfx942,b21u01,2026-05-11T07:06:03.016524+00:00,cuda_event
v45,O3,4,4,32,1,35.8810,gfx942,b21u01,2026-05-11T07:06:03.016524+00:00,cuda_event
v45,O3,4,4,32,2,33.1150,gfx942,b21u01,2026-05-11T07:06:03.016524+00:00,cuda_event
v45,O3,4,4,32,3,32.2740,gfx942,b21u01,2026-05-11T07:06:03.016524+00:00,cuda_event
v45,O3,4,4,32,4,35.5610,gfx942,b21u01,2026-05-11T07:06:03.016524+00:00,cuda_event
v45,O3,4,4,32,5,36.4430,gfx942,b21u01,2026-05-11T07:06:03.016524+00:00,cuda_event
v45,O3,4,4,32,6,35.1600,gfx942,b21u01,2026-05-11T07:06:03.016524+00:00,cuda_event
v45,O3,4,4,32,7,36.3230,gfx942,b21u01,2026-05-11T07:06:03.016524+00:00,cuda_event
v45,O3,4,4,32,8,31.7930,gfx942,b21u01,2026-05-11T07:06:03.016524+00:00,cuda_event
v45,O3,4,4,32,9,37.4050,gfx942,b21u01,2026-05-11T07:06:03.016524+00:00,cuda_event
v45,O3,4,4,32,10,33.2760,gfx942,b21u01,2026-05-11T07:06:03.016524+00:00,cuda_event
v45,O3,4,4,32,11,36.2020,gfx942,b21u01,2026-05-11T07:06:03.016524+00:00,cuda_event
v45,O3,4,4,32,12,35.8010,gfx942,b21u01,2026-05-11T07:06:03.016524+00:00,cuda_event
v45,O3,4,4,32,13,35.6010,gfx942,b21u01,2026-05-11T07:06:03.016524+00:00,cuda_event
v45,O3,4,4,32,14,36.4430,gfx942,b21u01,2026-05-11T07:06:03.016524+00:00,cuda_event
v45,O3,4,4,32,15,34.8390,gfx942,b21u01,2026-05-11T07:06:03.016524+00:00,cuda_event
v45,O3,4,4,32,16,38.1670,gfx942,b21u01,2026-05-11T07:06:03.016524+00:00,cuda_event
v45,O3,4,4,32,17,35.4010,gfx942,b21u01,2026-05-11T07:06:03.016524+00:00,cuda_event
v45,O3,4,4,32,18,36.7240,gfx942,b21u01,2026-05-11T07:06:03.016524+00:00,cuda_event
v45,O3,4,4,32,19,38.0060,gfx942,b21u01,2026-05-11T07:06:03.016524+00:00,cuda_event
v45,O3,4,4,32,20,35.3600,gfx942,b21u01,2026-05-11T07:06:03.016524+00:00,cuda_event
v45,O3,4,4,32,21,32.3540,gfx942,b21u01,2026-05-11T07:06:03.016524+00:00,cuda_event
v45,O3,4,4,32,22,33.0750,gfx942,b21u01,2026-05-11T07:06:03.016524+00:00,cuda_event
v45,O3,4,4,32,23,37.2450,gfx942,b21u01,2026-05-11T07:06:03.016524+00:00,cuda_event
v45,O3,4,4,32,24,36.1620,gfx942,b21u01,2026-05-11T07:06:03.016524+00:00,cuda_event
v45,O3,4,4,32,25,36.5220,gfx942,b21u01,2026-05-11T07:06:03.016524+00:00,cuda_event
v45,O3,4,4,32,26,34.7180,gfx942,b21u01,2026-05-11T07:06:03.016524+00:00,cuda_event
v45,O3,4,4,32,27,37.0850,gfx942,b21u01,2026-05-11T07:06:03.016524+00:00,cuda_event
v45,O3,4,4,32,28,36.1220,gfx942,b21u01,2026-05-11T07:06:03.016524+00:00,cuda_event
v45,O3,4,4,32,29,36.7240,gfx942,b21u01,2026-05-11T07:06:03.016524+00:00,cuda_event
v45,O3,4,4,32,30,35.2000,gfx942,b21u01,2026-05-11T07:06:03.016524+00:00,cuda_event
v45,O3,4,4,32,31,37.6460,gfx942,b21u01,2026-05-11T07:06:03.016524+00:00,cuda_event
v45,O3,4,4,32,32,35.5600,gfx942,b21u01,2026-05-11T07:06:03.016524+00:00,cuda_event
v45,O3,4,4,32,33,36.6030,gfx942,b21u01,2026-05-11T07:06:03.016524+00:00,cuda_event
v45,O3,4,4,32,34,36.1220,gfx942,b21u01,2026-05-11T07:06:03.016524+00:00,cuda_event
v45,O3,4,4,32,35,38.1260,gfx942,b21u01,2026-05-11T07:06:03.016524+00:00,cuda_event
v45,O3,4,4,32,36,35.8020,gfx942,b21u01,2026-05-11T07:06:03.016524+00:00,cuda_event
v45,O3,4,4,32,37,36.2020,gfx942,b21u01,2026-05-11T07:06:03.016524+00:00,cuda_event
v45,O3,4,4,32,38,35.6810,gfx942,b21u01,2026-05-11T07:06:03.016524+00:00,cuda_event
v45,O3,4,4,32,39,39.1690,gfx942,b21u01,2026-05-11T07:06:03.016524+00:00,cuda_event
v45,O3,4,4,32,40,35.4810,gfx942,b21u01,2026-05-11T07:06:03.016524+00:00,cuda_event
v45,O3,4,4,32,41,36.9640,gfx942,b21u01,2026-05-11T07:06:03.016524+00:00,cuda_event
v45,O3,4,4,32,42,34.9190,gfx942,b21u01,2026-05-11T07:06:03.016524+00:00,cuda_event
v45,O3,4,4,32,43,36.2030,gfx942,b21u01,2026-05-11T07:06:03.016524+00:00,cuda_event
v45,O3,4,4,32,44,35.2800,gfx942,b21u01,2026-05-11T07:06:03.016524+00:00,cuda_event
v45,O3,4,4,32,45,37.4450,gfx942,b21u01,2026-05-11T07:06:03.016524+00:00,cuda_event
v45,O3,4,4,32,46,36.0010,gfx942,b21u01,2026-05-11T07:06:03.016524+00:00,cuda_event
v45,O3,4,4,32,47,36.8440,gfx942,b21u01,2026-05-11T07:06:03.016524+00:00,cuda_event
v45,O3,4,4,32,48,35.8410,gfx942,b21u01,2026-05-11T07:06:03.016524+00:00,cuda_event
v45,O3,4,4,32,49,36.3620,gfx942,b21u01,2026-05-11T07:06:03.016524+00:00,cuda_event
v45,O3,4,4,32,50,35.9620,gfx942,b21u01,2026-05-11T07:06:03.016524+00:00,cuda_event
v45,O3,4,4,32,51,35.3200,gfx942,b21u01,2026-05-11T07:06:03.016524+00:00,cuda_event
v45,O3,4,4,32,52,35.7210,gfx942,b21u01,2026-05-11T07:06:03.016524+00:00,cuda_event
v45,O3,4,4,32,53,36.5230,gfx942,b21u01,2026-05-11T07:06:03.016524+00:00,cuda_event
v45,O3,4,4,32,54,35.9620,gfx942,b21u01,2026-05-11T07:06:03.016524+00:00,cuda_event
v45,O3,4,4,32,55,35.6010,gfx942,b21u01,2026-05-11T07:06:03.016524+00:00,cuda_event
v45,O3,4,4,32,56,35.8420,gfx942,b21u01,2026-05-11T07:06:03.016524+00:00,cuda_event
v45,O3,4,4,32,57,36.3220,gfx942,b21u01,2026-05-11T07:06:03.016524+00:00,cuda_event
v45,O3,4,4,32,58,36.4030,gfx942,b21u01,2026-05-11T07:06:03.016524+00:00,cuda_event
v45,O3,4,4,32,59,36.1220,gfx942,b21u01,2026-05-11T07:06:03.016524+00:00,cuda_event
v45,O3,4,4,32,60,35.5200,gfx942,b21u01,2026-05-11T07:06:03.016524+00:00,cuda_event
v45,O3,4,4,32,61,37.2040,gfx942,b21u01,2026-05-11T07:06:03.016524+00:00,cuda_event
v45,O3,4,4,32,62,33.7570,gfx942,b21u01,2026-05-11T07:06:03.016524+00:00,cuda_event
v45,O3,4,4,32,63,36.9240,gfx942,b21u01,2026-05-11T07:06:03.016524+00:00,cuda_event
v45,O3,4,4,32,64,36.1220,gfx942,b21u01,2026-05-11T07:06:03.016524+00:00,cuda_event
v45,O3,4,4,32,65,36.8030,gfx942,b21u01,2026-05-11T07:06:03.016524+00:00,cuda_event
v45,O3,4,4,32,66,35.5610,gfx942,b21u01,2026-05-11T07:06:03.016524+00:00,cuda_event
v45,O3,4,4,32,67,36.8840,gfx942,b21u01,2026-05-11T07:06:03.016524+00:00,cuda_event
v45,O3,4,4,32,68,36.0810,gfx942,b21u01,2026-05-11T07:06:03.016524+00:00,cuda_event
v45,O3,4,4,32,69,36.4820,gfx942,b21u01,2026-05-11T07:06:03.016524+00:00,cuda_event
v45,O3,4,4,32,70,35.6810,gfx942,b21u01,2026-05-11T07:06:03.016524+00:00,cuda_event
v45,O3,4,4,32,71,35.8810,gfx942,b21u01,2026-05-11T07:06:03.016524+00:00,cuda_event
v45,O3,4,4,32,72,35.1200,gfx942,b21u01,2026-05-11T07:06:03.016524+00:00,cuda_event
v45,O3,4,4,32,73,37.5250,gfx942,b21u01,2026-05-11T07:06:03.016524+00:00,cuda_event
v45,O3,4,4,32,74,35.0400,gfx942,b21u01,2026-05-11T07:06:03.016524+00:00,cuda_event
v45,O3,4,4,32,75,36.1620,gfx942,b21u01,2026-05-11T07:06:03.016524+00:00,cuda_event
v45,O3,4,4,32,76,35.8020,gfx942,b21u01,2026-05-11T07:06:03.016524+00:00,cuda_event
v45,O3,4,4,32,77,37.1650,gfx942,b21u01,2026-05-11T07:06:03.016524+00:00,cuda_event
v45,O3,4,4,32,78,38.4470,gfx942,b21u01,2026-05-11T07:06:03.016524+00:00,cuda_event
v45,O3,4,4,32,79,36.9640,gfx942,b21u01,2026-05-11T07:06:03.016524+00:00,cuda_event
v45,O3,4,4,32,80,34.7990,gfx942,b21u01,2026-05-11T07:06:03.016524+00:00,cuda_event
v45,O3,4,4,32,81,37.0440,gfx942,b21u01,2026-05-11T07:06:03.016524+00:00,cuda_event
v45,O3,4,4,32,82,36.6840,gfx942,b21u01,2026-05-11T07:06:03.016524+00:00,cuda_event
v45,O3,4,4,32,83,35.8410,gfx942,b21u01,2026-05-11T07:06:03.016524+00:00,cuda_event
v45,O3,4,4,32,84,37.4450,gfx942,b21u01,2026-05-11T07:06:03.016524+00:00,cuda_event
v45,O3,4,4,32,85,36.0820,gfx942,b21u01,2026-05-11T07:06:03.016524+00:00,cuda_event
v45,O3,4,4,32,86,37.8060,gfx942,b21u01,2026-05-11T07:06:03.016524+00:00,cuda_event
v45,O3,4,4,32,87,35.6810,gfx942,b21u01,2026-05-11T07:06:03.016524+00:00,cuda_event
v45,O3,4,4,32,88,36.0010,gfx942,b21u01,2026-05-11T07:06:03.016524+00:00,cuda_event
v45,O3,4,4,32,89,36.2820,gfx942,b21u01,2026-05-11T07:06:03.016524+00:00,cuda_event
v45,O3,4,4,32,90,35.0800,gfx942,b21u01,2026-05-11T07:06:03.016524+00:00,cuda_event
v45,O3,4,4,32,91,36.1620,gfx942,b21u01,2026-05-11T07:06:03.016524+00:00,cuda_event
v45,O3,4,4,32,92,34.7990,gfx942,b21u01,2026-05-11T07:06:03.016524+00:00,cuda_event
v45,O3,4,4,32,93,35.4810,gfx942,b21u01,2026-05-11T07:06:03.016524+00:00,cuda_event
v45,O3,4,4,32,94,35.1600,gfx942,b21u01,2026-05-11T07:06:03.016524+00:00,cuda_event
v45,O3,4,4,32,95,36.5630,gfx942,b21u01,2026-05-11T07:06:03.016524+00:00,cuda_event
v45,O3,4,4,32,96,35.7220,gfx942,b21u01,2026-05-11T07:06:03.016524+00:00,cuda_event
v45,O3,4,4,32,97,36.6430,gfx942,b21u01,2026-05-11T07:06:03.016524+00:00,cuda_event
v45,O3,4,4,32,98,35.4000,gfx942,b21u01,2026-05-11T07:06:03.016524+00:00,cuda_event
v45,O3,4,4,32,99,36.8040,gfx942,b21u01,2026-05-11T07:06:03.016524+00:00,cuda_event
v45,O3,4,4,32,100,36.9240,gfx942,b21u01,2026-05-11T07:06:03.016524+00:00,cuda_event
v45,O3,4,4,32,101,36.8830,gfx942,b21u01,2026-05-11T07:06:03.016524+00:00,cuda_event
v45,O3,4,4,32,102,35.4400,gfx942,b21u01,2026-05-11T07:06:03.016524+00:00,cuda_event
v45,O3,4,4,32,103,36.5630,gfx942,b21u01,2026-05-11T07:06:03.016524+00:00,cuda_event
v45,O3,4,4,32,104,36.9240,gfx942,b21u01,2026-05-11T07:06:03.016524+00:00,cuda_event
v45,O3,4,4,32,105,37.3640,gfx942,b21u01,2026-05-11T07:06:03.016524+00:00,cuda_event
v45,O3,4,4,32,106,36.0010,gfx942,b21u01,2026-05-11T07:06:03.016524+00:00,cuda_event
v45,O3,4,4,32,107,36.3620,gfx942,b21u01,2026-05-11T07:06:03.016524+00:00,cuda_event
v45,O3,4,4,32,108,34.6790,gfx942,b21u01,2026-05-11T07:06:03.016524+00:00,cuda_event
v45,O3,4,4,32,109,36.2020,gfx942,b21u01,2026-05-11T07:06:03.016524+00:00,cuda_event
v45,O3,4,4,32,110,40.6130,gfx942,b21u01,2026-05-11T07:06:03.016524+00:00,cuda_event
v45,O3,4,4,32,111,35.5610,gfx942,b21u01,2026-05-11T07:06:03.016524+00:00,cuda_event
v45,O3,4,4,32,112,37.3650,gfx942,b21u01,2026-05-11T07:06:03.016524+00:00,cuda_event
v45,O3,4,4,32,113,36.6430,gfx942,b21u01,2026-05-11T07:06:03.016524+00:00,cuda_event
v45,O3,4,4,32,114,35.4410,gfx942,b21u01,2026-05-11T07:06:03.016524+00:00,cuda_event
v45,O3,4,4,32,115,37.2440,gfx942,b21u01,2026-05-11T07:06:03.016524+00:00,cuda_event
v45,O3,4,4,32,116,36.3220,gfx942,b21u01,2026-05-11T07:06:03.016524+00:00,cuda_event
v45,O3,4,4,32,117,37.2840,gfx942,b21u01,2026-05-11T07:06:03.016524+00:00,cuda_event
v45,O3,4,4,32,118,35.4000,gfx942,b21u01,2026-05-11T07:06:03.016524+00:00,cuda_event
v45,O3,4,4,32,119,37.2850,gfx942,b21u01,2026-05-11T07:06:03.016524+00:00,cuda_event
v45,O3,4,4,32,120,37.0440,gfx942,b21u01,2026-05-11T07:06:03.016524+00:00,cuda_event
v45,O3,4,4,32,121,36.0020,gfx942,b21u01,2026-05-11T07:06:03.016524+00:00,cuda_event
v45,O3,4,4,32,122,35.8010,gfx942,b21u01,2026-05-11T07:06:03.016524+00:00,cuda_event
v45,O3,4,4,32,123,35.0390,gfx942,b21u01,2026-05-11T07:06:03.016524+00:00,cuda_event
v45,O3,4,4,32,124,37.8860,gfx942,b21u01,2026-05-11T07:06:03.016524+00:00,cuda_event
v45,O3,4,4,32,125,36.2030,gfx942,b21u01,2026-05-11T07:06:03.016524+00:00,cuda_event
v45,O3,4,4,32,126,33.0750,gfx942,b21u01,2026-05-11T07:06:03.016524+00:00,cuda_event
v45,O3,4,4,32,127,36.0020,gfx942,b21u01,2026-05-11T07:06:03.016524+00:00,cuda_event
v45,O3,4,4,32,128,35.2000,gfx942,b21u01,2026-05-11T07:06:03.016524+00:00,cuda_event
v45,O3,4,4,32,129,35.8410,gfx942,b21u01,2026-05-11T07:06:03.016524+00:00,cuda_event
v45,O3,4,4,32,130,34.5580,gfx942,b21u01,2026-05-11T07:06:03.016524+00:00,cuda_event
v45,O3,4,4,32,131,36.8840,gfx942,b21u01,2026-05-11T07:06:03.016524+00:00,cuda_event
v45,O3,4,4,32,132,34.5980,gfx942,b21u01,2026-05-11T07:06:03.016524+00:00,cuda_event
v45,O3,4,4,32,133,35.7220,gfx942,b21u01,2026-05-11T07:06:03.016524+00:00,cuda_event
v45,O3,4,4,32,134,36.1220,gfx942,b21u01,2026-05-11T07:06:03.016524+00:00,cuda_event
v45,O3,4,4,32,135,36.4430,gfx942,b21u01,2026-05-11T07:06:03.016524+00:00,cuda_event
v45,O3,4,4,32,136,36.5230,gfx942,b21u01,2026-05-11T07:06:03.016524+00:00,cuda_event
v45,O3,4,4,32,137,38.1660,gfx942,b21u01,2026-05-11T07:06:03.016524+00:00,cuda_event
v45,O3,4,4,32,138,35.9620,gfx942,b21u01,2026-05-11T07:06:03.016524+00:00,cuda_event
v45,O3,4,4,32,139,35.5200,gfx942,b21u01,2026-05-11T07:06:03.016524+00:00,cuda_event
v45,O3,4,4,32,140,39.1680,gfx942,b21u01,2026-05-11T07:06:03.016524+00:00,cuda_event
v45,O3,4,4,32,141,35.2000,gfx942,b21u01,2026-05-11T07:06:03.016524+00:00,cuda_event
v45,O3,4,4,32,142,35.0800,gfx942,b21u01,2026-05-11T07:06:03.016524+00:00,cuda_event
v45,O3,4,4,32,143,36.5230,gfx942,b21u01,2026-05-11T07:06:03.016524+00:00,cuda_event
v45,O3,4,4,32,144,35.8020,gfx942,b21u01,2026-05-11T07:06:03.016524+00:00,cuda_event
v45,O3,4,4,32,145,35.7610,gfx942,b21u01,2026-05-11T07:06:03.016524+00:00,cuda_event
v45,O3,4,4,32,146,37.0040,gfx942,b21u01,2026-05-11T07:06:03.016524+00:00,cuda_event
v45,O3,4,4,32,147,36.1620,gfx942,b21u01,2026-05-11T07:06:03.016524+00:00,cuda_event
v45,O3,4,4,32,148,35.1200,gfx942,b21u01,2026-05-11T07:06:03.016524+00:00,cuda_event
v45,O3,4,4,32,149,36.8840,gfx942,b21u01,2026-05-11T07:06:03.016524+00:00,cuda_event
v45,O3,4,4,32,150,35.0800,gfx942,b21u01,2026-05-11T07:06:03.016524+00:00,cuda_event
v45,O3,4,4,32,151,36.7240,gfx942,b21u01,2026-05-11T07:06:03.016524+00:00,cuda_event
v45,O3,4,4,32,152,34.7190,gfx942,b21u01,2026-05-11T07:06:03.016524+00:00,cuda_event
v45,O3,4,4,32,153,35.8820,gfx942,b21u01,2026-05-11T07:06:03.016524+00:00,cuda_event
v45,O3,4,4,32,154,35.9210,gfx942,b21u01,2026-05-11T07:06:03.016524+00:00,cuda_event
v45,O3,4,4,32,155,36.7630,gfx942,b21u01,2026-05-11T07:06:03.016524+00:00,cuda_event
v45,O3,4,4,32,156,37.8460,gfx942,b21u01,2026-05-11T07:06:03.016524+00:00,cuda_event
v45,O3,4,4,32,157,38.5670,gfx942,b21u01,2026-05-11T07:06:03.016524+00:00,cuda_event
v45,O3,4,4,32,158,37.2440,gfx942,b21u01,2026-05-11T07:06:03.016524+00:00,cuda_event
v45,O3,4,4,32,159,37.1650,gfx942,b21u01,2026-05-11T07:06:03.016524+00:00,cuda_event
v45,O3,4,4,32,160,36.8030,gfx942,b21u01,2026-05-11T07:06:03.016524+00:00,cuda_event
v45,O3,4,4,32,161,35.9610,gfx942,b21u01,2026-05-11T07:06:03.016524+00:00,cuda_event
v45,O3,4,4,32,162,37.0040,gfx942,b21u01,2026-05-11T07:06:03.016524+00:00,cuda_event
v45,O3,4,4,32,163,36.2820,gfx942,b21u01,2026-05-11T07:06:03.016524+00:00,cuda_event
v45,O3,4,4,32,164,37.1650,gfx942,b21u01,2026-05-11T07:06:03.016524+00:00,cuda_event
v45,O3,4,4,32,165,36.0020,gfx942,b21u01,2026-05-11T07:06:03.016524+00:00,cuda_event
v45,O3,4,4,32,166,34.9990,gfx942,b21u01,2026-05-11T07:06:03.016524+00:00,cuda_event
v45,O3,4,4,32,167,36.2820,gfx942,b21u01,2026-05-11T07:06:03.016524+00:00,cuda_event
v45,O3,4,4,32,168,35.1200,gfx942,b21u01,2026-05-11T07:06:03.016524+00:00,cuda_event
v45,O3,4,4,32,169,35.8020,gfx942,b21u01,2026-05-11T07:06:03.016524+00:00,cuda_event
v45,O3,4,4,32,170,35.2400,gfx942,b21u01,2026-05-11T07:06:03.016524+00:00,cuda_event
v45,O3,4,4,32,171,34.5990,gfx942,b21u01,2026-05-11T07:06:03.016524+00:00,cuda_event
v45,O3,4,4,32,172,35.6010,gfx942,b21u01,2026-05-11T07:06:03.016524+00:00,cuda_event
v45,O3,4,4,32,173,36.7630,gfx942,b21u01,2026-05-11T07:06:03.016524+00:00,cuda_event
v45,O3,4,4,32,174,36.7640,gfx942,b21u01,2026-05-11T07:06:03.016524+00:00,cuda_event
v45,O3,4,4,32,175,36.5230,gfx942,b21u01,2026-05-11T07:06:03.016524+00:00,cuda_event
v45,O3,4,4,32,176,37.2840,gfx942,b21u01,2026-05-11T07:06:03.016524+00:00,cuda_event
v45,O3,4,4,32,177,35.4000,gfx942,b21u01,2026-05-11T07:06:03.016524+00:00,cuda_event
v45,O3,4,4,32,178,37.2840,gfx942,b21u01,2026-05-11T07:06:03.016524+00:00,cuda_event
v45,O3,4,4,32,179,36.4430,gfx942,b21u01,2026-05-11T07:06:03.016524+00:00,cuda_event
v45,O3,4,4,32,180,33.5970,gfx942,b21u01,2026-05-11T07:06:03.016524+00:00,cuda_event
v45,O3,4,4,32,181,35.9620,gfx942,b21u01,2026-05-11T07:06:03.016524+00:00,cuda_event
v45,O3,4,4,32,182,36.3220,gfx942,b21u01,2026-05-11T07:06:03.016524+00:00,cuda_event
v45,O3,4,4,32,183,37.6050,gfx942,b21u01,2026-05-11T07:06:03.016524+00:00,cuda_event
v45,O3,4,4,32,184,35.3200,gfx942,b21u01,2026-05-11T07:06:03.016524+00:00,cuda_event
v45,O3,4,4,32,185,37.4450,gfx942,b21u01,2026-05-11T07:06:03.016524+00:00,cuda_event
v45,O3,4,4,32,186,35.6810,gfx942,b21u01,2026-05-11T07:06:03.016524+00:00,cuda_event
v45,O3,4,4,32,187,36.8840,gfx942,b21u01,2026-05-11T07:06:03.016524+00:00,cuda_event
v45,O3,4,4,32,188,35.0800,gfx942,b21u01,2026-05-11T07:06:03.016524+00:00,cuda_event
v45,O3,4,4,32,189,35.9210,gfx942,b21u01,2026-05-11T07:06:03.016524+00:00,cuda_event
v45,O3,4,4,32,190,35.2800,gfx942,b21u01,2026-05-11T07:06:03.016524+00:00,cuda_event
v45,O3,4,4,32,191,37.0840,gfx942,b21u01,2026-05-11T07:06:03.016524+00:00,cuda_event
v45,O3,4,4,32,192,36.5230,gfx942,b21u01,2026-05-11T07:06:03.016524+00:00,cuda_event
v45,O3,4,4,32,193,36.8040,gfx942,b21u01,2026-05-11T07:06:03.016524+00:00,cuda_event
v45,O3,4,4,32,194,35.8410,gfx942,b21u01,2026-05-11T07:06:03.016524+00:00,cuda_event
v45,O3,4,4,32,195,36.0420,gfx942,b21u01,2026-05-11T07:06:03.016524+00:00,cuda_event
v45,O3,4,4,32,196,36.5230,gfx942,b21u01,2026-05-11T07:06:03.016524+00:00,cuda_event
v45,O3,4,4,32,197,36.3620,gfx942,b21u01,2026-05-11T07:06:03.016524+00:00,cuda_event
v45,O3,4,4,32,198,35.5210,gfx942,b21u01,2026-05-11T07:06:03.016524+00:00,cuda_event
v45,O3,4,4,32,199,36.6430,gfx942,b21u01,2026-05-11T07:06:03.016524+00:00,cuda_event
v45,F3,4,4,32,0,45.8240,gfx942,b21u01,2026-05-11T07:06:03.029378+00:00,cuda_event
v45,F3,4,4,32,1,39.5300,gfx942,b21u01,2026-05-11T07:06:03.029378+00:00,cuda_event
v45,F3,4,4,32,2,37.2450,gfx942,b21u01,2026-05-11T07:06:03.029378+00:00,cuda_event
v45,F3,4,4,32,3,37.9260,gfx942,b21u01,2026-05-11T07:06:03.029378+00:00,cuda_event
v45,F3,4,4,32,4,36.4020,gfx942,b21u01,2026-05-11T07:06:03.029378+00:00,cuda_event
v45,F3,4,4,32,5,41.1330,gfx942,b21u01,2026-05-11T07:06:03.029378+00:00,cuda_event
v45,F3,4,4,32,6,39.4490,gfx942,b21u01,2026-05-11T07:06:03.029378+00:00,cuda_event
v45,F3,4,4,32,7,36.8030,gfx942,b21u01,2026-05-11T07:06:03.029378+00:00,cuda_event
v45,F3,4,4,32,8,36.7230,gfx942,b21u01,2026-05-11T07:06:03.029378+00:00,cuda_event
v45,F3,4,4,32,9,39.9710,gfx942,b21u01,2026-05-11T07:06:03.029378+00:00,cuda_event
v45,F3,4,4,32,10,35.4810,gfx942,b21u01,2026-05-11T07:06:03.029378+00:00,cuda_event
v45,F3,4,4,32,11,37.8860,gfx942,b21u01,2026-05-11T07:06:03.029378+00:00,cuda_event
v45,F3,4,4,32,12,36.9240,gfx942,b21u01,2026-05-11T07:06:03.029378+00:00,cuda_event
v45,F3,4,4,32,13,36.3230,gfx942,b21u01,2026-05-11T07:06:03.029378+00:00,cuda_event
v45,F3,4,4,32,14,36.1620,gfx942,b21u01,2026-05-11T07:06:03.029378+00:00,cuda_event
v45,F3,4,4,32,15,36.3620,gfx942,b21u01,2026-05-11T07:06:03.029378+00:00,cuda_event
v45,F3,4,4,32,16,36.4830,gfx942,b21u01,2026-05-11T07:06:03.029378+00:00,cuda_event
v45,F3,4,4,32,17,36.4830,gfx942,b21u01,2026-05-11T07:06:03.029378+00:00,cuda_event
v45,F3,4,4,32,18,38.2470,gfx942,b21u01,2026-05-11T07:06:03.029378+00:00,cuda_event
v45,F3,4,4,32,19,40.0910,gfx942,b21u01,2026-05-11T07:06:03.029378+00:00,cuda_event
v45,F3,4,4,32,20,35.7210,gfx942,b21u01,2026-05-11T07:06:03.029378+00:00,cuda_event
v45,F3,4,4,32,21,39.8500,gfx942,b21u01,2026-05-11T07:06:03.029378+00:00,cuda_event
v45,F3,4,4,32,22,36.4830,gfx942,b21u01,2026-05-11T07:06:03.029378+00:00,cuda_event
v45,F3,4,4,32,23,35.2000,gfx942,b21u01,2026-05-11T07:06:03.029378+00:00,cuda_event
v45,F3,4,4,32,24,36.1620,gfx942,b21u01,2026-05-11T07:06:03.029378+00:00,cuda_event
v45,F3,4,4,32,25,40.6520,gfx942,b21u01,2026-05-11T07:06:03.029378+00:00,cuda_event
v45,F3,4,4,32,26,39.2490,gfx942,b21u01,2026-05-11T07:06:03.029378+00:00,cuda_event
v45,F3,4,4,32,27,40.7330,gfx942,b21u01,2026-05-11T07:06:03.029378+00:00,cuda_event
v45,F3,4,4,32,28,37.5650,gfx942,b21u01,2026-05-11T07:06:03.029378+00:00,cuda_event
v45,F3,4,4,32,29,40.6530,gfx942,b21u01,2026-05-11T07:06:03.029378+00:00,cuda_event
v45,F3,4,4,32,30,39.0080,gfx942,b21u01,2026-05-11T07:06:03.029378+00:00,cuda_event
v45,F3,4,4,32,31,36.4430,gfx942,b21u01,2026-05-11T07:06:03.029378+00:00,cuda_event
v45,F3,4,4,32,32,37.6050,gfx942,b21u01,2026-05-11T07:06:03.029378+00:00,cuda_event
v45,F3,4,4,32,33,36.7230,gfx942,b21u01,2026-05-11T07:06:03.029378+00:00,cuda_event
v45,F3,4,4,32,34,39.2490,gfx942,b21u01,2026-05-11T07:06:03.029378+00:00,cuda_event
v45,F3,4,4,32,35,38.0860,gfx942,b21u01,2026-05-11T07:06:03.029378+00:00,cuda_event
v45,F3,4,4,32,36,37.2040,gfx942,b21u01,2026-05-11T07:06:03.029378+00:00,cuda_event
v45,F3,4,4,32,37,33.3550,gfx942,b21u01,2026-05-11T07:06:03.029378+00:00,cuda_event
v45,F3,4,4,32,38,40.2510,gfx942,b21u01,2026-05-11T07:06:03.029378+00:00,cuda_event
v45,F3,4,4,32,39,37.2050,gfx942,b21u01,2026-05-11T07:06:03.029378+00:00,cuda_event
v45,F3,4,4,32,40,37.7660,gfx942,b21u01,2026-05-11T07:06:03.029378+00:00,cuda_event
v45,F3,4,4,32,41,37.0440,gfx942,b21u01,2026-05-11T07:06:03.029378+00:00,cuda_event
v45,F3,4,4,32,42,39.0490,gfx942,b21u01,2026-05-11T07:06:03.029378+00:00,cuda_event
v45,F3,4,4,32,43,38.8480,gfx942,b21u01,2026-05-11T07:06:03.029378+00:00,cuda_event
v45,F3,4,4,32,44,36.6830,gfx942,b21u01,2026-05-11T07:06:03.029378+00:00,cuda_event
v45,F3,4,4,32,45,37.0440,gfx942,b21u01,2026-05-11T07:06:03.029378+00:00,cuda_event
v45,F3,4,4,32,46,37.8860,gfx942,b21u01,2026-05-11T07:06:03.029378+00:00,cuda_event
v45,F3,4,4,32,47,36.9240,gfx942,b21u01,2026-05-11T07:06:03.029378+00:00,cuda_event
v45,F3,4,4,32,48,37.3250,gfx942,b21u01,2026-05-11T07:06:03.029378+00:00,cuda_event
v45,F3,4,4,32,49,38.5280,gfx942,b21u01,2026-05-11T07:06:03.029378+00:00,cuda_event
v45,F3,4,4,32,50,37.2040,gfx942,b21u01,2026-05-11T07:06:03.029378+00:00,cuda_event
v45,F3,4,4,32,51,38.0060,gfx942,b21u01,2026-05-11T07:06:03.029378+00:00,cuda_event
v45,F3,4,4,32,52,37.2850,gfx942,b21u01,2026-05-11T07:06:03.029378+00:00,cuda_event
v45,F3,4,4,32,53,36.7640,gfx942,b21u01,2026-05-11T07:06:03.029378+00:00,cuda_event
v45,F3,4,4,32,54,40.2920,gfx942,b21u01,2026-05-11T07:06:03.029378+00:00,cuda_event
v45,F3,4,4,32,55,36.2420,gfx942,b21u01,2026-05-11T07:06:03.029378+00:00,cuda_event
v45,F3,4,4,32,56,36.3230,gfx942,b21u01,2026-05-11T07:06:03.029378+00:00,cuda_event
v45,F3,4,4,32,57,37.3250,gfx942,b21u01,2026-05-11T07:06:03.029378+00:00,cuda_event
v45,F3,4,4,32,58,40.0510,gfx942,b21u01,2026-05-11T07:06:03.029378+00:00,cuda_event
v45,F3,4,4,32,59,38.9280,gfx942,b21u01,2026-05-11T07:06:03.029378+00:00,cuda_event
v45,F3,4,4,32,60,37.7260,gfx942,b21u01,2026-05-11T07:06:03.029378+00:00,cuda_event
v45,F3,4,4,32,61,37.5660,gfx942,b21u01,2026-05-11T07:06:03.029378+00:00,cuda_event
v45,F3,4,4,32,62,40.6920,gfx942,b21u01,2026-05-11T07:06:03.029378+00:00,cuda_event
v45,F3,4,4,32,63,36.9240,gfx942,b21u01,2026-05-11T07:06:03.029378+00:00,cuda_event
v45,F3,4,4,32,64,36.1620,gfx942,b21u01,2026-05-11T07:06:03.029378+00:00,cuda_event
v45,F3,4,4,32,65,37.8460,gfx942,b21u01,2026-05-11T07:06:03.029378+00:00,cuda_event
v45,F3,4,4,32,66,36.0020,gfx942,b21u01,2026-05-11T07:06:03.029378+00:00,cuda_event
v45,F3,4,4,32,67,37.1640,gfx942,b21u01,2026-05-11T07:06:03.029378+00:00,cuda_event
v45,F3,4,4,32,68,37.6850,gfx942,b21u01,2026-05-11T07:06:03.029378+00:00,cuda_event
v45,F3,4,4,32,69,37.4450,gfx942,b21u01,2026-05-11T07:06:03.029378+00:00,cuda_event
v45,F3,4,4,32,70,38.2870,gfx942,b21u01,2026-05-11T07:06:03.029378+00:00,cuda_event
v45,F3,4,4,32,71,35.8020,gfx942,b21u01,2026-05-11T07:06:03.029378+00:00,cuda_event
v45,F3,4,4,32,72,42.1760,gfx942,b21u01,2026-05-11T07:06:03.029378+00:00,cuda_event
v45,F3,4,4,32,73,36.3630,gfx942,b21u01,2026-05-11T07:06:03.029378+00:00,cuda_event
v45,F3,4,4,32,74,40.2510,gfx942,b21u01,2026-05-11T07:06:03.029378+00:00,cuda_event
v45,F3,4,4,32,75,38.4880,gfx942,b21u01,2026-05-11T07:06:03.029378+00:00,cuda_event
v45,F3,4,4,32,76,39.8100,gfx942,b21u01,2026-05-11T07:06:03.029378+00:00,cuda_event
v45,F3,4,4,32,77,36.6840,gfx942,b21u01,2026-05-11T07:06:03.029378+00:00,cuda_event
v45,F3,4,4,32,78,39.1290,gfx942,b21u01,2026-05-11T07:06:03.029378+00:00,cuda_event
v45,F3,4,4,32,79,38.3670,gfx942,b21u01,2026-05-11T07:06:03.029378+00:00,cuda_event
v45,F3,4,4,32,80,39.9300,gfx942,b21u01,2026-05-11T07:06:03.029378+00:00,cuda_event
v45,F3,4,4,32,81,37.0440,gfx942,b21u01,2026-05-11T07:06:03.029378+00:00,cuda_event
v45,F3,4,4,32,82,37.0850,gfx942,b21u01,2026-05-11T07:06:03.029378+00:00,cuda_event
v45,F3,4,4,32,83,37.4050,gfx942,b21u01,2026-05-11T07:06:03.029378+00:00,cuda_event
v45,F3,4,4,32,84,36.9240,gfx942,b21u01,2026-05-11T07:06:03.029378+00:00,cuda_event
v45,F3,4,4,32,85,36.3630,gfx942,b21u01,2026-05-11T07:06:03.029378+00:00,cuda_event
v45,F3,4,4,32,86,36.0020,gfx942,b21u01,2026-05-11T07:06:03.029378+00:00,cuda_event
v45,F3,4,4,32,87,36.0820,gfx942,b21u01,2026-05-11T07:06:03.029378+00:00,cuda_event
v45,F3,4,4,32,88,36.2820,gfx942,b21u01,2026-05-11T07:06:03.029378+00:00,cuda_event
v45,F3,4,4,32,89,36.9640,gfx942,b21u01,2026-05-11T07:06:03.029378+00:00,cuda_event
v45,F3,4,4,32,90,38.2870,gfx942,b21u01,2026-05-11T07:06:03.029378+00:00,cuda_event
v45,F3,4,4,32,91,39.2890,gfx942,b21u01,2026-05-11T07:06:03.029378+00:00,cuda_event
v45,F3,4,4,32,92,36.9640,gfx942,b21u01,2026-05-11T07:06:03.029378+00:00,cuda_event
v45,F3,4,4,32,93,36.6030,gfx942,b21u01,2026-05-11T07:06:03.029378+00:00,cuda_event
v45,F3,4,4,32,94,39.9310,gfx942,b21u01,2026-05-11T07:06:03.029378+00:00,cuda_event
v45,F3,4,4,32,95,36.3630,gfx942,b21u01,2026-05-11T07:06:03.029378+00:00,cuda_event
v45,F3,4,4,32,96,39.3290,gfx942,b21u01,2026-05-11T07:06:03.029378+00:00,cuda_event
v45,F3,4,4,32,97,39.6100,gfx942,b21u01,2026-05-11T07:06:03.029378+00:00,cuda_event
v45,F3,4,4,32,98,37.4860,gfx942,b21u01,2026-05-11T07:06:03.029378+00:00,cuda_event
v45,F3,4,4,32,99,38.1260,gfx942,b21u01,2026-05-11T07:06:03.029378+00:00,cuda_event
v45,F3,4,4,32,100,38.4870,gfx942,b21u01,2026-05-11T07:06:03.029378+00:00,cuda_event
v45,F3,4,4,32,101,40.4920,gfx942,b21u01,2026-05-11T07:06:03.029378+00:00,cuda_event
v45,F3,4,4,32,102,36.3620,gfx942,b21u01,2026-05-11T07:06:03.029378+00:00,cuda_event
v45,F3,4,4,32,103,35.7620,gfx942,b21u01,2026-05-11T07:06:03.029378+00:00,cuda_event
v45,F3,4,4,32,104,36.7230,gfx942,b21u01,2026-05-11T07:06:03.029378+00:00,cuda_event
v45,F3,4,4,32,105,39.4900,gfx942,b21u01,2026-05-11T07:06:03.029378+00:00,cuda_event
v45,F3,4,4,32,106,39.3300,gfx942,b21u01,2026-05-11T07:06:03.029378+00:00,cuda_event
v45,F3,4,4,32,107,36.3220,gfx942,b21u01,2026-05-11T07:06:03.029378+00:00,cuda_event
v45,F3,4,4,32,108,38.2460,gfx942,b21u01,2026-05-11T07:06:03.029378+00:00,cuda_event
v45,F3,4,4,32,109,37.4850,gfx942,b21u01,2026-05-11T07:06:03.029378+00:00,cuda_event
v45,F3,4,4,32,110,38.3670,gfx942,b21u01,2026-05-11T07:06:03.029378+00:00,cuda_event
v45,F3,4,4,32,111,40.5720,gfx942,b21u01,2026-05-11T07:06:03.029378+00:00,cuda_event
v45,F3,4,4,32,112,38.4080,gfx942,b21u01,2026-05-11T07:06:03.029378+00:00,cuda_event
v45,F3,4,4,32,113,40.2510,gfx942,b21u01,2026-05-11T07:06:03.029378+00:00,cuda_event
v45,F3,4,4,32,114,39.8110,gfx942,b21u01,2026-05-11T07:06:03.029378+00:00,cuda_event
v45,F3,4,4,32,115,39.0490,gfx942,b21u01,2026-05-11T07:06:03.029378+00:00,cuda_event
v45,F3,4,4,32,116,40.1310,gfx942,b21u01,2026-05-11T07:06:03.029378+00:00,cuda_event
v45,F3,4,4,32,117,42.3360,gfx942,b21u01,2026-05-11T07:06:03.029378+00:00,cuda_event
v45,F3,4,4,32,118,39.3700,gfx942,b21u01,2026-05-11T07:06:03.029378+00:00,cuda_event
v45,F3,4,4,32,119,37.9260,gfx942,b21u01,2026-05-11T07:06:03.029378+00:00,cuda_event
v45,F3,4,4,32,120,36.4030,gfx942,b21u01,2026-05-11T07:06:03.029378+00:00,cuda_event
v45,F3,4,4,32,121,37.0040,gfx942,b21u01,2026-05-11T07:06:03.029378+00:00,cuda_event
v45,F3,4,4,32,122,37.2450,gfx942,b21u01,2026-05-11T07:06:03.029378+00:00,cuda_event
v45,F3,4,4,32,123,36.7630,gfx942,b21u01,2026-05-11T07:06:03.029378+00:00,cuda_event
v45,F3,4,4,32,124,37.3650,gfx942,b21u01,2026-05-11T07:06:03.029378+00:00,cuda_event
v45,F3,4,4,32,125,35.5610,gfx942,b21u01,2026-05-11T07:06:03.029378+00:00,cuda_event
v45,F3,4,4,32,126,40.3320,gfx942,b21u01,2026-05-11T07:06:03.029378+00:00,cuda_event
v45,F3,4,4,32,127,35.9220,gfx942,b21u01,2026-05-11T07:06:03.029378+00:00,cuda_event
v45,F3,4,4,32,128,35.8410,gfx942,b21u01,2026-05-11T07:06:03.029378+00:00,cuda_event
v45,F3,4,4,32,129,40.0910,gfx942,b21u01,2026-05-11T07:06:03.029378+00:00,cuda_event
v45,F3,4,4,32,130,37.4450,gfx942,b21u01,2026-05-11T07:06:03.029378+00:00,cuda_event
v45,F3,4,4,32,131,39.4090,gfx942,b21u01,2026-05-11T07:06:03.029378+00:00,cuda_event
v45,F3,4,4,32,132,36.8030,gfx942,b21u01,2026-05-11T07:06:03.029378+00:00,cuda_event
v45,F3,4,4,32,133,36.9640,gfx942,b21u01,2026-05-11T07:06:03.029378+00:00,cuda_event
v45,F3,4,4,32,134,36.9640,gfx942,b21u01,2026-05-11T07:06:03.029378+00:00,cuda_event
v45,F3,4,4,32,135,38.3670,gfx942,b21u01,2026-05-11T07:06:03.029378+00:00,cuda_event
v45,F3,4,4,32,136,35.9210,gfx942,b21u01,2026-05-11T07:06:03.029378+00:00,cuda_event
v45,F3,4,4,32,137,36.6830,gfx942,b21u01,2026-05-11T07:06:03.029378+00:00,cuda_event
v45,F3,4,4,32,138,36.8040,gfx942,b21u01,2026-05-11T07:06:03.029378+00:00,cuda_event
v45,F3,4,4,32,139,37.9260,gfx942,b21u01,2026-05-11T07:06:03.029378+00:00,cuda_event
v45,F3,4,4,32,140,37.5650,gfx942,b21u01,2026-05-11T07:06:03.029378+00:00,cuda_event
v45,F3,4,4,32,141,38.1270,gfx942,b21u01,2026-05-11T07:06:03.029378+00:00,cuda_event
v45,F3,4,4,32,142,36.6030,gfx942,b21u01,2026-05-11T07:06:03.029378+00:00,cuda_event
v45,F3,4,4,32,143,37.4450,gfx942,b21u01,2026-05-11T07:06:03.029378+00:00,cuda_event
v45,F3,4,4,32,144,36.6840,gfx942,b21u01,2026-05-11T07:06:03.029378+00:00,cuda_event
v45,F3,4,4,32,145,38.9690,gfx942,b21u01,2026-05-11T07:06:03.029378+00:00,cuda_event
v45,F3,4,4,32,146,39.5700,gfx942,b21u01,2026-05-11T07:06:03.029378+00:00,cuda_event
v45,F3,4,4,32,147,39.2490,gfx942,b21u01,2026-05-11T07:06:03.029378+00:00,cuda_event
v45,F3,4,4,32,148,37.5660,gfx942,b21u01,2026-05-11T07:06:03.029378+00:00,cuda_event
v45,F3,4,4,32,149,39.2490,gfx942,b21u01,2026-05-11T07:06:03.029378+00:00,cuda_event
v45,F3,4,4,32,150,40.6520,gfx942,b21u01,2026-05-11T07:06:03.029378+00:00,cuda_event
v45,F3,4,4,32,151,37.8460,gfx942,b21u01,2026-05-11T07:06:03.029378+00:00,cuda_event
v45,F3,4,4,32,152,36.7240,gfx942,b21u01,2026-05-11T07:06:03.029378+00:00,cuda_event
v45,F3,4,4,32,153,38.2070,gfx942,b21u01,2026-05-11T07:06:03.029378+00:00,cuda_event
v45,F3,4,4,32,154,38.9690,gfx942,b21u01,2026-05-11T07:06:03.029378+00:00,cuda_event
v45,F3,4,4,32,155,36.2020,gfx942,b21u01,2026-05-11T07:06:03.029378+00:00,cuda_event
v45,F3,4,4,32,156,37.0440,gfx942,b21u01,2026-05-11T07:06:03.029378+00:00,cuda_event
v45,F3,4,4,32,157,36.0020,gfx942,b21u01,2026-05-11T07:06:03.029378+00:00,cuda_event
v45,F3,4,4,32,158,40.1310,gfx942,b21u01,2026-05-11T07:06:03.029378+00:00,cuda_event
v45,F3,4,4,32,159,36.7230,gfx942,b21u01,2026-05-11T07:06:03.029378+00:00,cuda_event
v45,F3,4,4,32,160,38.1670,gfx942,b21u01,2026-05-11T07:06:03.029378+00:00,cuda_event
v45,F3,4,4,32,161,36.8840,gfx942,b21u01,2026-05-11T07:06:03.029378+00:00,cuda_event
v45,F3,4,4,32,162,37.0840,gfx942,b21u01,2026-05-11T07:06:03.029378+00:00,cuda_event
v45,F3,4,4,32,163,39.5300,gfx942,b21u01,2026-05-11T07:06:03.029378+00:00,cuda_event
v45,F3,4,4,32,164,37.3640,gfx942,b21u01,2026-05-11T07:06:03.029378+00:00,cuda_event
v45,F3,4,4,32,165,39.6900,gfx942,b21u01,2026-05-11T07:06:03.029378+00:00,cuda_event
v45,F3,4,4,32,166,40.7320,gfx942,b21u01,2026-05-11T07:06:03.029378+00:00,cuda_event
v45,F3,4,4,32,167,36.2820,gfx942,b21u01,2026-05-11T07:06:03.029378+00:00,cuda_event
v45,F3,4,4,32,168,36.8040,gfx942,b21u01,2026-05-11T07:06:03.029378+00:00,cuda_event
v45,F3,4,4,32,169,40.1310,gfx942,b21u01,2026-05-11T07:06:03.029378+00:00,cuda_event
v45,F3,4,4,32,170,36.9240,gfx942,b21u01,2026-05-11T07:06:03.029378+00:00,cuda_event
v45,F3,4,4,32,171,37.3650,gfx942,b21u01,2026-05-11T07:06:03.029378+00:00,cuda_event
v45,F3,4,4,32,172,37.3250,gfx942,b21u01,2026-05-11T07:06:03.029378+00:00,cuda_event
v45,F3,4,4,32,173,35.6810,gfx942,b21u01,2026-05-11T07:06:03.029378+00:00,cuda_event
v45,F3,4,4,32,174,36.6030,gfx942,b21u01,2026-05-11T07:06:03.029378+00:00,cuda_event
v45,F3,4,4,32,175,35.6400,gfx942,b21u01,2026-05-11T07:06:03.029378+00:00,cuda_event
v45,F3,4,4,32,176,35.8010,gfx942,b21u01,2026-05-11T07:06:03.029378+00:00,cuda_event
v45,F3,4,4,32,177,37.8060,gfx942,b21u01,2026-05-11T07:06:03.029378+00:00,cuda_event
v45,F3,4,4,32,178,36.4420,gfx942,b21u01,2026-05-11T07:06:03.029378+00:00,cuda_event
v45,F3,4,4,32,179,37.2440,gfx942,b21u01,2026-05-11T07:06:03.029378+00:00,cuda_event
v45,F3,4,4,32,180,36.1620,gfx942,b21u01,2026-05-11T07:06:03.029378+00:00,cuda_event
v45,F3,4,4,32,181,39.8100,gfx942,b21u01,2026-05-11T07:06:03.029378+00:00,cuda_event
v45,F3,4,4,32,182,36.9240,gfx942,b21u01,2026-05-11T07:06:03.029378+00:00,cuda_event
v45,F3,4,4,32,183,38.3670,gfx942,b21u01,2026-05-11T07:06:03.029378+00:00,cuda_event
v45,F3,4,4,32,184,36.2420,gfx942,b21u01,2026-05-11T07:06:03.029378+00:00,cuda_event
v45,F3,4,4,32,185,40.0510,gfx942,b21u01,2026-05-11T07:06:03.029378+00:00,cuda_event
v45,F3,4,4,32,186,39.4100,gfx942,b21u01,2026-05-11T07:06:03.029378+00:00,cuda_event
v45,F3,4,4,32,187,40.5320,gfx942,b21u01,2026-05-11T07:06:03.029378+00:00,cuda_event
v45,F3,4,4,32,188,38.1660,gfx942,b21u01,2026-05-11T07:06:03.029378+00:00,cuda_event
v45,F3,4,4,32,189,41.4540,gfx942,b21u01,2026-05-11T07:06:03.029378+00:00,cuda_event
v45,F3,4,4,32,190,38.9290,gfx942,b21u01,2026-05-11T07:06:03.029378+00:00,cuda_event
v45,F3,4,4,32,191,39.4500,gfx942,b21u01,2026-05-11T07:06:03.029378+00:00,cuda_event
v45,F3,4,4,32,192,37.4050,gfx942,b21u01,2026-05-11T07:06:03.029378+00:00,cuda_event
v45,F3,4,4,32,193,37.1650,gfx942,b21u01,2026-05-11T07:06:03.029378+00:00,cuda_event
v45,F3,4,4,32,194,39.2500,gfx942,b21u01,2026-05-11T07:06:03.029378+00:00,cuda_event
v45,F3,4,4,32,195,38.4470,gfx942,b21u01,2026-05-11T07:06:03.029378+00:00,cuda_event
v45,F3,4,4,32,196,37.2440,gfx942,b21u01,2026-05-11T07:06:03.029378+00:00,cuda_event
v45,F3,4,4,32,197,33.0750,gfx942,b21u01,2026-05-11T07:06:03.029378+00:00,cuda_event
v45,F3,4,4,32,198,39.7700,gfx942,b21u01,2026-05-11T07:06:03.029378+00:00,cuda_event
v45,F3,4,4,32,199,36.6430,gfx942,b21u01,2026-05-11T07:06:03.029378+00:00,cuda_event
v45,P3,4,4,32,0,45.3830,gfx942,b21u01,2026-05-11T07:06:03.042394+00:00,cuda_event
v45,P3,4,4,32,1,38.8090,gfx942,b21u01,2026-05-11T07:06:03.042394+00:00,cuda_event
v45,P3,4,4,32,2,39.8510,gfx942,b21u01,2026-05-11T07:06:03.042394+00:00,cuda_event
v45,P3,4,4,32,3,38.8090,gfx942,b21u01,2026-05-11T07:06:03.042394+00:00,cuda_event
v45,P3,4,4,32,4,40.0500,gfx942,b21u01,2026-05-11T07:06:03.042394+00:00,cuda_event
v45,P3,4,4,32,5,39.6900,gfx942,b21u01,2026-05-11T07:06:03.042394+00:00,cuda_event
v45,P3,4,4,32,6,40.1720,gfx942,b21u01,2026-05-11T07:06:03.042394+00:00,cuda_event
v45,P3,4,4,32,7,38.8080,gfx942,b21u01,2026-05-11T07:06:03.042394+00:00,cuda_event
v45,P3,4,4,32,8,39.7700,gfx942,b21u01,2026-05-11T07:06:03.042394+00:00,cuda_event
v45,P3,4,4,32,9,37.8860,gfx942,b21u01,2026-05-11T07:06:03.042394+00:00,cuda_event
v45,P3,4,4,32,10,40.4120,gfx942,b21u01,2026-05-11T07:06:03.042394+00:00,cuda_event
v45,P3,4,4,32,11,38.5680,gfx942,b21u01,2026-05-11T07:06:03.042394+00:00,cuda_event
v45,P3,4,4,32,12,39.2090,gfx942,b21u01,2026-05-11T07:06:03.042394+00:00,cuda_event
v45,P3,4,4,32,13,39.6500,gfx942,b21u01,2026-05-11T07:06:03.042394+00:00,cuda_event
v45,P3,4,4,32,14,39.2090,gfx942,b21u01,2026-05-11T07:06:03.042394+00:00,cuda_event
v45,P3,4,4,32,15,38.3270,gfx942,b21u01,2026-05-11T07:06:03.042394+00:00,cuda_event
v45,P3,4,4,32,16,39.3700,gfx942,b21u01,2026-05-11T07:06:03.042394+00:00,cuda_event
v45,P3,4,4,32,17,38.3270,gfx942,b21u01,2026-05-11T07:06:03.042394+00:00,cuda_event
v45,P3,4,4,32,18,39.7300,gfx942,b21u01,2026-05-11T07:06:03.042394+00:00,cuda_event
v45,P3,4,4,32,19,38.9290,gfx942,b21u01,2026-05-11T07:06:03.042394+00:00,cuda_event
v45,P3,4,4,32,20,39.6900,gfx942,b21u01,2026-05-11T07:06:03.042394+00:00,cuda_event
v45,P3,4,4,32,21,38.6080,gfx942,b21u01,2026-05-11T07:06:03.042394+00:00,cuda_event
v45,P3,4,4,32,22,39.7300,gfx942,b21u01,2026-05-11T07:06:03.042394+00:00,cuda_event
v45,P3,4,4,32,23,39.0080,gfx942,b21u01,2026-05-11T07:06:03.042394+00:00,cuda_event
v45,P3,4,4,32,24,39.9300,gfx942,b21u01,2026-05-11T07:06:03.042394+00:00,cuda_event
v45,P3,4,4,32,25,39.0090,gfx942,b21u01,2026-05-11T07:06:03.042394+00:00,cuda_event
v45,P3,4,4,32,26,40.0910,gfx942,b21u01,2026-05-11T07:06:03.042394+00:00,cuda_event
v45,P3,4,4,32,27,38.1670,gfx942,b21u01,2026-05-11T07:06:03.042394+00:00,cuda_event
v45,P3,4,4,32,28,39.8100,gfx942,b21u01,2026-05-11T07:06:03.042394+00:00,cuda_event
v45,P3,4,4,32,29,38.0860,gfx942,b21u01,2026-05-11T07:06:03.042394+00:00,cuda_event
v45,P3,4,4,32,30,39.1290,gfx942,b21u01,2026-05-11T07:06:03.042394+00:00,cuda_event
v45,P3,4,4,32,31,38.2070,gfx942,b21u01,2026-05-11T07:06:03.042394+00:00,cuda_event
v45,P3,4,4,32,32,39.0890,gfx942,b21u01,2026-05-11T07:06:03.042394+00:00,cuda_event
v45,P3,4,4,32,33,39.5300,gfx942,b21u01,2026-05-11T07:06:03.042394+00:00,cuda_event
v45,P3,4,4,32,34,39.5690,gfx942,b21u01,2026-05-11T07:06:03.042394+00:00,cuda_event
v45,P3,4,4,32,35,39.6100,gfx942,b21u01,2026-05-11T07:06:03.042394+00:00,cuda_event
v45,P3,4,4,32,36,39.4500,gfx942,b21u01,2026-05-11T07:06:03.042394+00:00,cuda_event
v45,P3,4,4,32,37,38.4480,gfx942,b21u01,2026-05-11T07:06:03.042394+00:00,cuda_event
v45,P3,4,4,32,38,39.6100,gfx942,b21u01,2026-05-11T07:06:03.042394+00:00,cuda_event
v45,P3,4,4,32,39,38.7680,gfx942,b21u01,2026-05-11T07:06:03.042394+00:00,cuda_event
v45,P3,4,4,32,40,39.6500,gfx942,b21u01,2026-05-11T07:06:03.042394+00:00,cuda_event
v45,P3,4,4,32,41,38.6880,gfx942,b21u01,2026-05-11T07:06:03.042394+00:00,cuda_event
v45,P3,4,4,32,42,40.1310,gfx942,b21u01,2026-05-11T07:06:03.042394+00:00,cuda_event
v45,P3,4,4,32,43,39.3290,gfx942,b21u01,2026-05-11T07:06:03.042394+00:00,cuda_event
v45,P3,4,4,32,44,40.2120,gfx942,b21u01,2026-05-11T07:06:03.042394+00:00,cuda_event
v45,P3,4,4,32,45,38.0860,gfx942,b21u01,2026-05-11T07:06:03.042394+00:00,cuda_event
v45,P3,4,4,32,46,40.3310,gfx942,b21u01,2026-05-11T07:06:03.042394+00:00,cuda_event
v45,P3,4,4,32,47,38.1270,gfx942,b21u01,2026-05-11T07:06:03.042394+00:00,cuda_event
v45,P3,4,4,32,48,39.2090,gfx942,b21u01,2026-05-11T07:06:03.042394+00:00,cuda_event
v45,P3,4,4,32,49,38.2060,gfx942,b21u01,2026-05-11T07:06:03.042394+00:00,cuda_event
v45,P3,4,4,32,50,39.4500,gfx942,b21u01,2026-05-11T07:06:03.042394+00:00,cuda_event
v45,P3,4,4,32,51,38.6880,gfx942,b21u01,2026-05-11T07:06:03.042394+00:00,cuda_event
v45,P3,4,4,32,52,39.4490,gfx942,b21u01,2026-05-11T07:06:03.042394+00:00,cuda_event
v45,P3,4,4,32,53,38.6880,gfx942,b21u01,2026-05-11T07:06:03.042394+00:00,cuda_event
v45,P3,4,4,32,54,39.5700,gfx942,b21u01,2026-05-11T07:06:03.042394+00:00,cuda_event
v45,P3,4,4,32,55,38.4070,gfx942,b21u01,2026-05-11T07:06:03.042394+00:00,cuda_event
v45,P3,4,4,32,56,39.7700,gfx942,b21u01,2026-05-11T07:06:03.042394+00:00,cuda_event
v45,P3,4,4,32,57,39.0090,gfx942,b21u01,2026-05-11T07:06:03.042394+00:00,cuda_event
v45,P3,4,4,32,58,39.9710,gfx942,b21u01,2026-05-11T07:06:03.042394+00:00,cuda_event
v45,P3,4,4,32,59,39.9710,gfx942,b21u01,2026-05-11T07:06:03.042394+00:00,cuda_event
v45,P3,4,4,32,60,39.9700,gfx942,b21u01,2026-05-11T07:06:03.042394+00:00,cuda_event
v45,P3,4,4,32,61,38.8880,gfx942,b21u01,2026-05-11T07:06:03.042394+00:00,cuda_event
v45,P3,4,4,32,62,40.0510,gfx942,b21u01,2026-05-11T07:06:03.042394+00:00,cuda_event
v45,P3,4,4,32,63,38.1670,gfx942,b21u01,2026-05-11T07:06:03.042394+00:00,cuda_event
v45,P3,4,4,32,64,40.0110,gfx942,b21u01,2026-05-11T07:06:03.042394+00:00,cuda_event
v45,P3,4,4,32,65,38.4080,gfx942,b21u01,2026-05-11T07:06:03.042394+00:00,cuda_event
v45,P3,4,4,32,66,39.9300,gfx942,b21u01,2026-05-11T07:06:03.042394+00:00,cuda_event
v45,P3,4,4,32,67,38.6070,gfx942,b21u01,2026-05-11T07:06:03.042394+00:00,cuda_event
v45,P3,4,4,32,68,39.1690,gfx942,b21u01,2026-05-11T07:06:03.042394+00:00,cuda_event
v45,P3,4,4,32,69,38.4070,gfx942,b21u01,2026-05-11T07:06:03.042394+00:00,cuda_event
v45,P3,4,4,32,70,39.2890,gfx942,b21u01,2026-05-11T07:06:03.042394+00:00,cuda_event
v45,P3,4,4,32,71,38.6880,gfx942,b21u01,2026-05-11T07:06:03.042394+00:00,cuda_event
v45,P3,4,4,32,72,39.2890,gfx942,b21u01,2026-05-11T07:06:03.042394+00:00,cuda_event
v45,P3,4,4,32,73,38.5680,gfx942,b21u01,2026-05-11T07:06:03.042394+00:00,cuda_event
v45,P3,4,4,32,74,39.6900,gfx942,b21u01,2026-05-11T07:06:03.042394+00:00,cuda_event
v45,P3,4,4,32,75,39.2090,gfx942,b21u01,2026-05-11T07:06:03.042394+00:00,cuda_event
v45,P3,4,4,32,76,39.6900,gfx942,b21u01,2026-05-11T07:06:03.042394+00:00,cuda_event
v45,P3,4,4,32,77,38.8880,gfx942,b21u01,2026-05-11T07:06:03.042394+00:00,cuda_event
v45,P3,4,4,32,78,39.8510,gfx942,b21u01,2026-05-11T07:06:03.042394+00:00,cuda_event
v45,P3,4,4,32,79,40.7330,gfx942,b21u01,2026-05-11T07:06:03.042394+00:00,cuda_event
v45,P3,4,4,32,80,40.0110,gfx942,b21u01,2026-05-11T07:06:03.042394+00:00,cuda_event
v45,P3,4,4,32,81,37.9660,gfx942,b21u01,2026-05-11T07:06:03.042394+00:00,cuda_event
v45,P3,4,4,32,82,41.9750,gfx942,b21u01,2026-05-11T07:06:03.042394+00:00,cuda_event
v45,P3,4,4,32,83,38.4880,gfx942,b21u01,2026-05-11T07:06:03.042394+00:00,cuda_event
v45,P3,4,4,32,84,39.8100,gfx942,b21u01,2026-05-11T07:06:03.042394+00:00,cuda_event
v45,P3,4,4,32,85,38.3270,gfx942,b21u01,2026-05-11T07:06:03.042394+00:00,cuda_event
v45,P3,4,4,32,86,40.2110,gfx942,b21u01,2026-05-11T07:06:03.042394+00:00,cuda_event
v45,P3,4,4,32,87,38.6080,gfx942,b21u01,2026-05-11T07:06:03.042394+00:00,cuda_event
v45,P3,4,4,32,88,39.0890,gfx942,b21u01,2026-05-11T07:06:03.042394+00:00,cuda_event
v45,P3,4,4,32,89,38.4870,gfx942,b21u01,2026-05-11T07:06:03.042394+00:00,cuda_event
v45,P3,4,4,32,90,39.6900,gfx942,b21u01,2026-05-11T07:06:03.042394+00:00,cuda_event
v45,P3,4,4,32,91,39.0880,gfx942,b21u01,2026-05-11T07:06:03.042394+00:00,cuda_event
v45,P3,4,4,32,92,39.8500,gfx942,b21u01,2026-05-11T07:06:03.042394+00:00,cuda_event
v45,P3,4,4,32,93,38.9690,gfx942,b21u01,2026-05-11T07:06:03.042394+00:00,cuda_event
v45,P3,4,4,32,94,39.6100,gfx942,b21u01,2026-05-11T07:06:03.042394+00:00,cuda_event
v45,P3,4,4,32,95,39.0890,gfx942,b21u01,2026-05-11T07:06:03.042394+00:00,cuda_event
v45,P3,4,4,32,96,39.6500,gfx942,b21u01,2026-05-11T07:06:03.042394+00:00,cuda_event
v45,P3,4,4,32,97,39.0890,gfx942,b21u01,2026-05-11T07:06:03.042394+00:00,cuda_event
v45,P3,4,4,32,98,40.1320,gfx942,b21u01,2026-05-11T07:06:03.042394+00:00,cuda_event
v45,P3,4,4,32,99,38.2460,gfx942,b21u01,2026-05-11T07:06:03.042394+00:00,cuda_event
v45,P3,4,4,32,100,39.8510,gfx942,b21u01,2026-05-11T07:06:03.042394+00:00,cuda_event
v45,P3,4,4,32,101,38.2870,gfx942,b21u01,2026-05-11T07:06:03.042394+00:00,cuda_event
v45,P3,4,4,32,102,39.8500,gfx942,b21u01,2026-05-11T07:06:03.042394+00:00,cuda_event
v45,P3,4,4,32,103,38.2060,gfx942,b21u01,2026-05-11T07:06:03.042394+00:00,cuda_event
v45,P3,4,4,32,104,39.7300,gfx942,b21u01,2026-05-11T07:06:03.042394+00:00,cuda_event
v45,P3,4,4,32,105,38.4070,gfx942,b21u01,2026-05-11T07:06:03.042394+00:00,cuda_event
v45,P3,4,4,32,106,39.9310,gfx942,b21u01,2026-05-11T07:06:03.042394+00:00,cuda_event
v45,P3,4,4,32,107,38.7680,gfx942,b21u01,2026-05-11T07:06:03.042394+00:00,cuda_event
v45,P3,4,4,32,108,39.2490,gfx942,b21u01,2026-05-11T07:06:03.042394+00:00,cuda_event
v45,P3,4,4,32,109,38.5270,gfx942,b21u01,2026-05-11T07:06:03.042394+00:00,cuda_event
v45,P3,4,4,32,110,39.4500,gfx942,b21u01,2026-05-11T07:06:03.042394+00:00,cuda_event
v45,P3,4,4,32,111,38.8480,gfx942,b21u01,2026-05-11T07:06:03.042394+00:00,cuda_event
v45,P3,4,4,32,112,39.5300,gfx942,b21u01,2026-05-11T07:06:03.042394+00:00,cuda_event
v45,P3,4,4,32,113,38.9690,gfx942,b21u01,2026-05-11T07:06:03.042394+00:00,cuda_event
v45,P3,4,4,32,114,39.8500,gfx942,b21u01,2026-05-11T07:06:03.042394+00:00,cuda_event
v45,P3,4,4,32,115,39.5300,gfx942,b21u01,2026-05-11T07:06:03.042394+00:00,cuda_event
v45,P3,4,4,32,116,39.8100,gfx942,b21u01,2026-05-11T07:06:03.042394+00:00,cuda_event
v45,P3,4,4,32,117,38.0470,gfx942,b21u01,2026-05-11T07:06:03.042394+00:00,cuda_event
v45,P3,4,4,32,118,39.9710,gfx942,b21u01,2026-05-11T07:06:03.042394+00:00,cuda_event
v45,P3,4,4,32,119,38.2470,gfx942,b21u01,2026-05-11T07:06:03.042394+00:00,cuda_event
v45,P3,4,4,32,120,39.6100,gfx942,b21u01,2026-05-11T07:06:03.042394+00:00,cuda_event
v45,P3,4,4,32,121,38.2870,gfx942,b21u01,2026-05-11T07:06:03.042394+00:00,cuda_event
v45,P3,4,4,32,122,39.6900,gfx942,b21u01,2026-05-11T07:06:03.042394+00:00,cuda_event
v45,P3,4,4,32,123,40.7730,gfx942,b21u01,2026-05-11T07:06:03.042394+00:00,cuda_event
v45,P3,4,4,32,124,39.9710,gfx942,b21u01,2026-05-11T07:06:03.042394+00:00,cuda_event
v45,P3,4,4,32,125,38.3270,gfx942,b21u01,2026-05-11T07:06:03.042394+00:00,cuda_event
v45,P3,4,4,32,126,40.2910,gfx942,b21u01,2026-05-11T07:06:03.042394+00:00,cuda_event
v45,P3,4,4,32,127,38.6870,gfx942,b21u01,2026-05-11T07:06:03.042394+00:00,cuda_event
v45,P3,4,4,32,128,39.4090,gfx942,b21u01,2026-05-11T07:06:03.042394+00:00,cuda_event
v45,P3,4,4,32,129,38.8080,gfx942,b21u01,2026-05-11T07:06:03.042394+00:00,cuda_event
v45,P3,4,4,32,130,39.7710,gfx942,b21u01,2026-05-11T07:06:03.042394+00:00,cuda_event
v45,P3,4,4,32,131,39.1290,gfx942,b21u01,2026-05-11T07:06:03.042394+00:00,cuda_event
v45,P3,4,4,32,132,39.5700,gfx942,b21u01,2026-05-11T07:06:03.042394+00:00,cuda_event
v45,P3,4,4,32,133,39.0090,gfx942,b21u01,2026-05-11T07:06:03.042394+00:00,cuda_event
v45,P3,4,4,32,134,39.7710,gfx942,b21u01,2026-05-11T07:06:03.042394+00:00,cuda_event
v45,P3,4,4,32,135,38.2470,gfx942,b21u01,2026-05-11T07:06:03.042394+00:00,cuda_event
v45,P3,4,4,32,136,40.0100,gfx942,b21u01,2026-05-11T07:06:03.042394+00:00,cuda_event
v45,P3,4,4,32,137,38.0460,gfx942,b21u01,2026-05-11T07:06:03.042394+00:00,cuda_event
v45,P3,4,4,32,138,39.8110,gfx942,b21u01,2026-05-11T07:06:03.042394+00:00,cuda_event
v45,P3,4,4,32,139,38.5270,gfx942,b21u01,2026-05-11T07:06:03.042394+00:00,cuda_event
v45,P3,4,4,32,140,39.7700,gfx942,b21u01,2026-05-11T07:06:03.042394+00:00,cuda_event
v45,P3,4,4,32,141,38.3270,gfx942,b21u01,2026-05-11T07:06:03.042394+00:00,cuda_event
v45,P3,4,4,32,142,40.0110,gfx942,b21u01,2026-05-11T07:06:03.042394+00:00,cuda_event
v45,P3,4,4,32,143,38.4070,gfx942,b21u01,2026-05-11T07:06:03.042394+00:00,cuda_event
v45,P3,4,4,32,144,39.7300,gfx942,b21u01,2026-05-11T07:06:03.042394+00:00,cuda_event
v45,P3,4,4,32,145,40.8130,gfx942,b21u01,2026-05-11T07:06:03.042394+00:00,cuda_event
v45,P3,4,4,32,146,39.8900,gfx942,b21u01,2026-05-11T07:06:03.042394+00:00,cuda_event
v45,P3,4,4,32,147,39.0090,gfx942,b21u01,2026-05-11T07:06:03.042394+00:00,cuda_event
v45,P3,4,4,32,148,39.4090,gfx942,b21u01,2026-05-11T07:06:03.042394+00:00,cuda_event
v45,P3,4,4,32,149,38.6880,gfx942,b21u01,2026-05-11T07:06:03.042394+00:00,cuda_event
v45,P3,4,4,32,150,39.6100,gfx942,b21u01,2026-05-11T07:06:03.042394+00:00,cuda_event
v45,P3,4,4,32,151,38.9280,gfx942,b21u01,2026-05-11T07:06:03.042394+00:00,cuda_event
v45,P3,4,4,32,152,39.6500,gfx942,b21u01,2026-05-11T07:06:03.042394+00:00,cuda_event
v45,P3,4,4,32,153,38.0060,gfx942,b21u01,2026-05-11T07:06:03.042394+00:00,cuda_event
v45,P3,4,4,32,154,40.1310,gfx942,b21u01,2026-05-11T07:06:03.042394+00:00,cuda_event
v45,P3,4,4,32,155,38.4070,gfx942,b21u01,2026-05-11T07:06:03.042394+00:00,cuda_event
v45,P3,4,4,32,156,39.3290,gfx942,b21u01,2026-05-11T07:06:03.042394+00:00,cuda_event
v45,P3,4,4,32,157,38.1270,gfx942,b21u01,2026-05-11T07:06:03.042394+00:00,cuda_event
v45,P3,4,4,32,158,39.4090,gfx942,b21u01,2026-05-11T07:06:03.042394+00:00,cuda_event
v45,P3,4,4,32,159,38.4880,gfx942,b21u01,2026-05-11T07:06:03.042394+00:00,cuda_event
v45,P3,4,4,32,160,39.4890,gfx942,b21u01,2026-05-11T07:06:03.042394+00:00,cuda_event
v45,P3,4,4,32,161,38.5270,gfx942,b21u01,2026-05-11T07:06:03.042394+00:00,cuda_event
v45,P3,4,4,32,162,39.8500,gfx942,b21u01,2026-05-11T07:06:03.042394+00:00,cuda_event
v45,P3,4,4,32,163,38.9690,gfx942,b21u01,2026-05-11T07:06:03.042394+00:00,cuda_event
v45,P3,4,4,32,164,39.8500,gfx942,b21u01,2026-05-11T07:06:03.042394+00:00,cuda_event
v45,P3,4,4,32,165,38.7680,gfx942,b21u01,2026-05-11T07:06:03.042394+00:00,cuda_event
v45,P3,4,4,32,166,40.0910,gfx942,b21u01,2026-05-11T07:06:03.042394+00:00,cuda_event
v45,P3,4,4,32,167,39.2890,gfx942,b21u01,2026-05-11T07:06:03.042394+00:00,cuda_event
v45,P3,4,4,32,168,39.5290,gfx942,b21u01,2026-05-11T07:06:03.042394+00:00,cuda_event
v45,P3,4,4,32,169,38.9290,gfx942,b21u01,2026-05-11T07:06:03.042394+00:00,cuda_event
v45,P3,4,4,32,170,40.0110,gfx942,b21u01,2026-05-11T07:06:03.042394+00:00,cuda_event
v45,P3,4,4,32,171,38.3270,gfx942,b21u01,2026-05-11T07:06:03.042394+00:00,cuda_event
v45,P3,4,4,32,172,39.7300,gfx942,b21u01,2026-05-11T07:06:03.042394+00:00,cuda_event
v45,P3,4,4,32,173,38.0060,gfx942,b21u01,2026-05-11T07:06:03.042394+00:00,cuda_event
v45,P3,4,4,32,174,39.4500,gfx942,b21u01,2026-05-11T07:06:03.042394+00:00,cuda_event
v45,P3,4,4,32,175,38.3270,gfx942,b21u01,2026-05-11T07:06:03.042394+00:00,cuda_event
v45,P3,4,4,32,176,39.5300,gfx942,b21u01,2026-05-11T07:06:03.042394+00:00,cuda_event
v45,P3,4,4,32,177,38.2060,gfx942,b21u01,2026-05-11T07:06:03.042394+00:00,cuda_event
v45,P3,4,4,32,178,39.6100,gfx942,b21u01,2026-05-11T07:06:03.042394+00:00,cuda_event
v45,P3,4,4,32,179,38.8480,gfx942,b21u01,2026-05-11T07:06:03.042394+00:00,cuda_event
v45,P3,4,4,32,180,39.7300,gfx942,b21u01,2026-05-11T07:06:03.042394+00:00,cuda_event
v45,P3,4,4,32,181,38.5270,gfx942,b21u01,2026-05-11T07:06:03.042394+00:00,cuda_event
v45,P3,4,4,32,182,39.8510,gfx942,b21u01,2026-05-11T07:06:03.042394+00:00,cuda_event
v45,P3,4,4,32,183,38.6870,gfx942,b21u01,2026-05-11T07:06:03.042394+00:00,cuda_event
v45,P3,4,4,32,184,39.7710,gfx942,b21u01,2026-05-11T07:06:03.042394+00:00,cuda_event
v45,P3,4,4,32,185,38.6080,gfx942,b21u01,2026-05-11T07:06:03.042394+00:00,cuda_event
v45,P3,4,4,32,186,40.0920,gfx942,b21u01,2026-05-11T07:06:03.042394+00:00,cuda_event
v45,P3,4,4,32,187,39.3690,gfx942,b21u01,2026-05-11T07:06:03.042394+00:00,cuda_event
v45,P3,4,4,32,188,39.6100,gfx942,b21u01,2026-05-11T07:06:03.042394+00:00,cuda_event
v45,P3,4,4,32,189,37.9260,gfx942,b21u01,2026-05-11T07:06:03.042394+00:00,cuda_event
v45,P3,4,4,32,190,39.8910,gfx942,b21u01,2026-05-11T07:06:03.042394+00:00,cuda_event
v45,P3,4,4,32,191,38.1270,gfx942,b21u01,2026-05-11T07:06:03.042394+00:00,cuda_event
v45,P3,4,4,32,192,39.0480,gfx942,b21u01,2026-05-11T07:06:03.042394+00:00,cuda_event
v45,P3,4,4,32,193,38.2060,gfx942,b21u01,2026-05-11T07:06:03.042394+00:00,cuda_event
v45,P3,4,4,32,194,39.4900,gfx942,b21u01,2026-05-11T07:06:03.042394+00:00,cuda_event
v45,P3,4,4,32,195,38.6480,gfx942,b21u01,2026-05-11T07:06:03.042394+00:00,cuda_event
v45,P3,4,4,32,196,39.4090,gfx942,b21u01,2026-05-11T07:06:03.042394+00:00,cuda_event
v45,P3,4,4,32,197,38.2860,gfx942,b21u01,2026-05-11T07:06:03.042394+00:00,cuda_event
v45,P3,4,4,32,198,39.5290,gfx942,b21u01,2026-05-11T07:06:03.042394+00:00,cuda_event
v45,P3,4,4,32,199,38.6070,gfx942,b21u01,2026-05-11T07:06:03.042394+00:00,cuda_event
